gene,start,end,orient
1,1,1524,1
2,2052,3260,1
3,3280,4437,1
4,4434,4997,1
5,5207,7267,1
6,7302,9818,1
7,9914,10828,1
9,11555,11692,-1
10,11874,12311,-1
11,12468,13016,1
12,13024,13176,-1
13,13133,13558,-1
14,13714,13995,-1
15,14089,14877,1
16,14914,15612,1
17,15590,17470,-1
18,17467,18762,-1
19,18759,20234,-1
20,20231,21640,-1
21,21637,23172,-1
22,23270,23737,-1
23,23861,25426,-1
24,25895,26863,-1
25,26975,27283,1
26,27577,28347,1
27,28344,29189,1
28,29227,29499,1
29,29703,31049,1
30,31170,31487,1
30.1,31573,31800,1
31,31805,31948,-1
32,32031,32609,-1
33,32646,33098,1
34,33168,33497,1
35,33526,33738,1
36,33844,34101,-1
37,34239,36554,1
38,36551,36814,1
39,36811,37206,1
40,37203,38891,1
41,39000,39773,-1
42,39821,41122,-1
43,41248,41856,1
44,41948,42295,-1
46,42377,43309,-1
47,43506,46415,1
48,46525,47151,-1
49,47310,48044,-1
50,48177,48971,-1
51,48987,49883,-1
52,49965,51068,-1
53,51129,51671,-1
54,51772,52641,-1
55,52775,53188,1
56,53181,55643,1
57,55685,57322,1
58,57279,57917,1
59,58136,58426,1
60,58530,59024,1
61,59066,59320,1
62,59353,59811,1
63,59840,60361,1
64,60340,62964,1
65,63144,63836,1
66,63853,64911,1
66.1,64956,65336,-1
66.2,65344,65556,-1
67,65496,66638,1
68,66867,68306,1
69,68362,68523,1
70,68564,71503,1
71,71802,72203,1
72,72255,74492,-1
73,74610,75179,-1
74,75282,76193,1
75,76218,77603,-1
76,77600,78877,-1
77,79467,80183,1
78,80614,81663,1
79,81666,82658,1
80,82738,83973,1
81,83986,85158,1
82,85173,85562,-1
83,85626,86480,-1
84,86518,87123,1
85,87198,87791,-1
85.1,87788,88000,-1
86,88194,89015,1
87,89057,89470,1
88,89565,89909,1
89,89914,90393,1
90,90390,92312,1
91,92318,93268,1
92,93279,93941,1
93,93941,95407,1
95,95590,96882,1
96,96917,97591,1
98,97748,98341,1
99,98470,99240,1
99.1,99259,99630,1
100,99674,100441,1
101,100573,102858,1
102,102805,103653,-1
103,103700,104563,-1
104,104424,105091,-1
105,105314,106705,1
106,106724,107593,1
107,107590,108141,1
108,108146,109768,1
109,109773,110009,1
110,109967,117529,1
111,117704,119689,1
112,119905,122163,-1
113,122307,123821,1
114,123970,124254,-1
115,124364,125560,1
116,125655,130532,-1
116.1,130572,130697,1
117,130886,131092,-1
118,131263,132864,1
119,132907,133761,1
120,133942,135999,1
121,136281,137237,1
122,137242,138504,1
123,138504,139664,1
124,139947,140135,1
125,140258,140890,-1
125.1,141185,142135,1
126,142119,143867,-1
127,143989,145617,1
128,145618,147762,-1
129,147899,148333,-1
130,148443,148862,-1
131,148847,149215,1
132,149482,151167,1
133,151319,152386,1
134,152495,154300,1
135,154403,155770,1
136,155838,156617,1
137,156749,157789,-1
138,158018,158473,1
139,158486,159829,-1
140,159871,160953,-1
141,161040,161645,1
142,161942,162844,1
143,162815,163420,-1
144,163537,164862,1
145,164883,165431,-1
146,165494,165997,1
147,165998,167020,1
148,167081,167461,1
149,167442,167852,-1
150,167882,168808,1
151,168875,170353,-1
152,170455,171297,1
153,171386,172339,1
154,172373,173314,1
155,173454,174929,1
156,174983,175864,1
157,175871,176839,1
158,176836,177123,-1
159,177559,177684,1
160,177714,179480,-1
161,179490,181091,-1
162,181326,182156,-1
163,182158,183381,-1
164,183793,185223,1
165,185220,186647,1
167,186953,187597,1
168,187601,189007,-1
169,189099,190607,-1
170,190775,192125,1
171,192153,193304,-1
172,193286,193741,1
173,193795,194280,1
174,194313,194984,-1
175,195270,196826,1
176,197030,197827,1
177,197778,198455,-1
178,198484,200067,1
179,200064,201104,1
180,201128,202648,1
181,202645,204237,1
182,204237,205406,1
183,205400,206947,1
184,206983,207567,1
185,207570,208532,1
186,208529,209083,1
187,209050,209784,1
188,209815,210924,-1
189,211004,212362,-1
190,212389,213123,-1
191,213140,214252,-1
192,214068,215039,1
193,215081,215830,1
194,215827,216336,1
195,216381,218456,1
196,218502,218663,-1
197,218823,219479,1
198,219598,220029,1
199,220108,221835,-1
200,221983,222273,1
201,222401,223642,1
202,223676,224776,1
203,224836,226662,-1
204,226849,230574,1
204.1,230593,230742,1
205,230876,231646,1
206,231759,232343,1
207,232340,234589,1
208,234630,236621,-1
209,236775,237323,1
210,237320,238009,1
211,238006,238503,-1
212,238506,241406,-1
213,241628,242038,1
214,242090,243328,-1
215,243498,244601,1
216,244598,247432,-1
217,247498,248232,-1
218,248229,249020,-1
219,249152,250237,1
220,250267,251712,1
221,251896,253716,1
222,253783,254754,-1
223,254751,256064,-1
224,256178,257791,1
225,257897,259018,-1
226,259027,260040,1
227,260037,260858,-1
228,261038,262366,1
229,262368,262916,1
230,262926,264137,1
231,264241,265590,1
232,265621,266409,1
233,266415,267878,-1
234,267977,268741,-1
235,268777,269931,1
236,269948,271678,-1
237,271688,272953,-1
238,273253,274392,1
239,274420,275100,-1
240,275097,276134,-1
241,276172,277878,1
242,278013,278702,1
244,278699,279643,1
245,279719,281122,-1
246,281280,282728,-1
247,282763,286965,-1
250,287012,287560,-1
251,287300,288466,1
252,288542,289156,1
253,289218,289451,1
254,289459,289896,1
255,289926,290768,-1
256,290779,292143,-1
257,292285,293607,1
258,293913,295748,-1
259,296120,296608,1
260,296885,298234,1
261,298231,298977,-1
262,298978,300918,-1
263,300949,301770,-1
264,301850,302083,-1
265,302288,302767,-1
266,302981,305542,1
267,305940,306464,-1
268,306489,307973,-1
269,307992,309662,-1
270,309659,309766,-1
270.1,309814,310188,1
270.2,310145,310393,1
271,310409,310864,-1
272,310889,311632,-1
273,311629,312774,-1
274,312874,314283,-1
275,314424,314969,-1
276,314979,315881,-1
277,315898,316572,-1
278,316626,317618,-1
279,317640,321268,-1
280,321445,322836,1
281,322878,323387,-1
282,323452,324636,-1
283,324681,326363,1
284,326380,328575,-1
285,328689,329705,-1
286,329819,330439,-1
286.1,330494,331117,1
287,331047,331772,-1
288,331862,332782,1
289,332822,333250,-1
290,333274,333531,-1
291,333551,336268,-1
291.1,336255,336410,1
291.2,336394,336525,-1
291.3,336656,336850,-1
291.4,337082,338878,1
292,339309,341036,1
293,341060,341968,1
294,342048,342155,-1
295,342246,344087,1
296,344084,345700,1
297,345697,349689,1
298,349686,349994,1
299,349997,351538,1
300,351587,351880,1
301,351910,352200,1
302,352211,353098,1
303,353145,354563,1
304,354701,355945,1
305,355942,356937,1
306,356924,358126,-1
307,358233,359018,1
308,359007,359810,-1
310,359820,361217,-1
311,361303,363171,1
312,363314,363541,1
313,363691,363840,1
314,364106,364531,1
315,364667,365299,1
316,365296,366204,1
318,366212,375772,-1
319,375975,376646,1
320,376634,377116,-1
321,377174,377890,1
322,377992,378648,1
323,378718,379209,-1
324,379233,380462,1
325,380503,380601,1
326,380617,382479,1
327,382551,382937,1
328,382940,383125,-1
328.1,383070,383315,1
328.2,383191,383601,-1
329,383662,384546,1
330,384595,385209,1
332,385233,385970,-1
333,386365,387141,-1
334,387208,387876,1
335,387948,388610,1
336,388642,389214,1
337,389320,390651,1
338,390640,391311,-1
339,391412,392092,1
340,392099,392323,1
341,392333,392788,1
342,392756,394105,-1
343,394171,394773,1
344,394754,395380,-1
345,395407,396147,-1
346,396261,397427,1
347,397639,398628,-1
348,398718,399584,1
349,399595,400110,-1
350,400252,401763,1
351,401933,403222,-1
352,403253,405901,-1
353,406010,408508,-1
355,408694,409233,1
356,409416,410861,1
357,410898,412820,1
357.1,412817,414298,1
359,414441,415001,-1
360,415104,415520,1
361,415562,417025,-1
362,417364,418350,1
363,418353,419006,1
364,419126,419668,1
365,419895,421772,1
366,421859,422476,1
367,422512,423699,1
368,423699,424079,1
369,424306,424863,-1
370,424940,434767,-1
372,434918,435547,-1
373,435559,436857,-1
374,436948,437595,1
375,437747,438385,1
376,438390,438803,-1
377,438910,439737,1
378,439959,441341,1
379,441353,442387,-1
380,442483,443166,1
381,443155,444285,-1
382,444310,444903,-1
383,444914,445342,1
384,445402,446613,-1
384.1,446619,447221,-1
385,447235,448131,-1
386,448128,448721,-1
387,448718,449473,-1
388,449492,451891,-1
389,451888,452367,-1
390,452382,453284,-1
391,454510,455475,1
392,455648,456226,-1
393,456357,456908,-1
394,457004,457768,-1
395,457930,458469,-1
396,458550,459404,-1
397,459545,462091,-1
398,462119,463396,1
399,463479,466757,1
400,466761,468092,-1
401,468426,469685,1
402,470101,471321,1
403,471318,472730,-1
404,472872,474197,1
404.1,474213,474932,-1
405,475031,475435,1
406,475417,475833,1
407,475874,476344,-1
407.1,476485,476733,1
408,476770,477411,-1
409,477418,478647,-1
410,478657,479847,-1
411,479880,480251,1
412,480446,483322,-1
413,483432,484316,-1
414,484367,484693,-1
415,484650,485105,-1
416,485313,485426,-1
417,485426,487183,1
418,487180,491388,1
419,491336,492094,-1
420,492232,493242,1
421,493235,495307,1
422,495300,496457,1
423,496511,498820,-1
424,498763,499749,-1
425,499749,501068,-1
426,501162,501815,1
427,501799,502467,-1
428,502597,503619,1
429,503616,503822,1
430,503815,504573,1
431,504595,504747,1
432,504966,506447,1
433,506535,508031,1
434,508010,508420,-1
435,508581,509210,-1
436,509207,510004,-1
437,510031,511680,-1
438,511826,512104,-1
440,512151,516770,-1
441,516822,517397,-1
442,517466,518341,-1
443,518344,519291,-1
444,519252,519845,-1
445,519978,520490,1
446,520522,521016,1
447,521049,521771,1
448,521752,522903,1
449,522960,523616,1
450,523622,523732,-1
451,523796,525982,-1
452,525979,526845,-1
453,526836,527531,-1
454,527592,528809,-1
455,528828,529844,-1
456,530057,531679,1
457,531745,532173,-1
458,532200,533663,-1
459,533803,534360,1
460,534540,535238,-1
461,535282,535845,-1
462,535894,536703,-1
463,536673,538121,-1
464,537953,538684,-1
465,538678,539997,-1
466,540037,542940,-1
467,542937,543359,-1
468,543540,544301,1
469,544623,546179,1
470,546185,546739,-1
471,546824,547351,-1
472,547338,548252,-1
472.1,548472,548942,1
473,549035,551056,-1
474,551124,552647,1
475,552647,553138,1
476,553159,553437,1
477,553397,553999,1
478,554063,555457,1
479,555465,555758,1
480,555762,556334,-1
481,556331,557755,-1
482,557907,558701,1
483,558976,560262,1
484,560344,561204,1
485,561319,562196,1
486,562296,563159,-1
487,563302,563742,-1
488,563673,564161,-1
489,564171,564941,-1
490,565156,566382,1
491,566469,566891,1
492,566930,567067,-1
493,567230,567844,1
494,567857,568009,-1
495,568125,568670,1
496,568670,569344,1
497,569369,570415,-1
498,570412,571434,-1
499,571436,571960,-1
500,571987,573096,1
501,573158,574513,1
502,574494,575249,-1
503,575432,576748,1
504,576796,578238,1
505,578235,578786,1
506,578896,579003,1
507,579054,579659,1
508,579816,580565,1
509,580739,581971,1
510,582167,582859,1
511,582856,584298,-1
512,584234,584911,-1
513,585069,586058,-1
514,586063,586791,1
515,586792,587682,-1
516,587714,588748,1
517,588745,589677,1
518,589693,590535,1
519,590551,591426,1
520,591451,592338,1
521,592479,592715,1
522,593022,594152,1
523,594159,595235,1
524,595239,596207,-1
525,596107,596703,1
526,596831,597757,-1
527,598132,598569,1
528,598566,601472,1
529,601465,601758,1
530,601727,603214,1
531,603215,604153,1
532,604177,605883,1
533,605969,606958,1
534,606971,607519,1
535,607516,607815,1
536,607825,609429,1
537,609426,609905,-1
538,610191,611423,1
539,611555,612250,1
540,612302,612418,-1
541,612539,613441,-1
542,613622,613972,1
543,613965,614270,1
544,614405,615709,1
545,615693,616097,-1
546,616202,617590,1
547,617590,618198,1
548,618213,618863,1
549,618860,619639,1
550,619672,621261,1
551,621258,622232,1
552,622274,623491,1
553,623488,623649,-1
554,623696,624013,1
555,623985,624167,1
556,624160,626028,1
557,625924,626931,-1
558,627013,627891,-1
559,627926,628702,1
560,628699,629739,1
562,629749,631182,-1
563,631491,633137,1
564,633170,633826,1
565,633850,634485,1
566,634375,635856,-1
567,635868,636956,-1
568,636909,637436,1
569,637387,637665,-1
570,637662,638915,-1
571,639035,639421,-1
572,639484,640368,-1
573,640464,641408,-1
573.1,641424,641558,-1
574,641680,642093,-1
575,642090,642356,-1
576,642340,642495,1
577,642548,644263,-1
578,644227,645945,1
579,645942,646922,1
580,646919,647707,1
581,647750,649414,1
582,649411,649926,1
583,649898,651124,1
584,651186,651845,1
585,651859,652197,-1
586,652231,652956,-1
587,652981,654207,-1
588,654223,655230,1
589,655331,656191,1
590,656376,657401,-1
591,657462,658922,-1
592,659000,659491,-1
593,659770,660792,1
594,660902,662320,1
595,662317,662721,1
596,662618,664825,1
597,664938,666293,-1
598,666374,666496,-1
599,666493,666834,-1
600,666885,667052,-1
601,667302,668693,-1
602,668703,669845,-1
603,669938,670042,1
604,670030,671196,-1
605,671290,672603,1
606,672611,673402,1
607,673447,677367,-1
608,677282,677761,1
608.1,677737,678447,1
609,678576,679154,-1
610,679178,679804,-1
611,679840,680526,-1
612,680680,683313,1
613,683336,684904,-1
614,685182,685790,1
615,685859,686581,1
616,686578,687375,1
617,687377,688264,1
618,688270,689484,1
619,689445,690308,1
620,690257,690511,1
621,690496,691818,1
622,691949,693475,1
623,693472,694680,1
624,694616,696235,1
625,696287,696682,-1
626,696676,696933,-1
627,697116,698351,-1
628,698602,699015,-1
629,699012,699275,-1
630,699352,700485,-1
631,700486,701229,-1
632,701687,702637,1
633,702854,703462,1
635,703386,704207,1
636,704245,704688,1
637,704690,704935,1
638,704932,705333,1
638.1,705330,705503,1
639,705870,706205,1
640,706198,707355,-1
641,707407,707790,-1
642,707770,708375,1
643,708394,710961,-1
644,710901,711794,1
645,711773,712033,1
645.1,712030,712263,-1
645.2,712228,712455,1
646,712452,712853,1
647,712982,714165,1
648,714162,715253,1
649,715648,716712,1
650,716672,717763,1
651,717856,718110,1
652,718110,718505,1
653,718599,719435,-1
654,719471,719731,1
655,719653,720147,-1
656,720207,721358,-1
657,721451,723136,-1
658,723175,726459,-1
659,726459,729752,-1
660,730028,730723,-1
661,730772,731632,-1
662,731765,732478,-1
662.1,732558,732809,1
663,733157,733324,1
664,733375,733851,1
665,733838,734266,1
666,734270,734770,1
667,735425,735667,1
668,735699,736415,1
669,736467,736895,1
669.1,736962,737669,1
670,737738,738685,-1
671,738708,739613,-1
672,739737,740690,-1
673,740767,741657,-1
674,741674,742684,-1
675,742591,744057,-1
676,744143,748339,1
677,748264,749010,1
679,749010,749918,1
680,750249,750785,1
681,750822,751214,1
682,751207,751980,-1
683,751973,753478,1
684,753559,754569,1
685,754957,755340,-1
686,755435,755590,-1
687,755666,756382,-1
688,756658,756966,-1
689,756953,757204,-1
690,757308,757745,-1
691,757742,758122,-1
692,758110,760473,1
692.1,760536,760862,1
693,760774,761112,1
694,761267,761497,1
695,761762,765298,1
696,765343,769293,1
697,769290,769664,-1
698,769657,771571,-1
699,771766,772524,1
700,772556,773398,1
701,773458,775086,1
702,775097,776035,1
703,776038,776760,1
704,776757,777548,1
705,777560,780454,-1
706,780451,780879,-1
706.1,780964,781461,1
707,781517,782014,-1
708,782016,782390,-1
709,782629,783285,1
710,783534,783908,1
711,783908,784378,1
712,784459,786564,1
713,786795,787985,1
714,788123,788920,1
715,789073,789900,1
716,789914,791134,1
717,791131,791385,-1
717.1,791498,791773,-1
718,791998,793047,-1
719,793044,793640,-1
719.1,793632,793820,1
719.2,793823,794134,1
720,794131,795306,1
721,795309,796568,1
722,796688,797443,1
723,797492,798904,1
724,798906,800345,1
724.1,800335,800538,1
725,800672,800770,1
726,801133,801780,-1
726.1,802077,802367,-1
727,802460,802765,1
728,802782,803435,1
729,803435,804106,1
730,804106,804408,1
731,804717,805559,1
732,805600,805881,1
733,805878,806471,1
734,806471,807295,1
735,807299,807715,1
736,807715,807948,1
737,807948,808355,1
738,808614,810887,1
739,810935,811834,1
740,812135,813076,1
740.1,813244,813375,1
741,813562,813930,1
741.1,813931,814248,1
742,814248,814811,1
742.1,814816,815001,1
743,815166,815564,1
744,815588,816127,1
745,816130,816498,1
746,816518,817180,1
747,817183,817380,1
748,817380,817820,1
749,818105,819724,1
750,819729,820634,-1
751,820727,821830,-1
752,822033,822689,-1
753,822686,823666,-1
754,823697,825043,1
755,825056,825784,1
756,825873,826829,-1
756.1,826990,828315,1
757,828312,828857,1
758,828860,829660,1
759,829733,830266,1
760,830330,831082,1
761,831137,831349,1
762,831397,831894,1
762.1,831891,832103,1
763,832252,832800,1
764,833045,833851,1
765,833885,834133,1
766,834130,834492,1
767,834723,835037,1
768,835179,835697,1
768.1,835866,836006,-1
769,836075,836632,-1
770,836629,837168,-1
771,837248,837394,-1
772,837343,837870,1
772.1,837890,840241,1
772.2,840318,840560,1
772.5,840640,842997,1
772.6,843079,843345,1
773,843369,843797,1
773.1,843878,844015,-1
774,844150,844419,1
775,844488,845372,-1
776,845383,846555,-1
777,846562,848094,-1
778,848300,850054,1
779,850244,852184,-1
780,852483,852698,-1
781,852868,853641,1
782,853770,854492,1
783,854537,855994,1
784,855966,856367,-1
785,856407,856826,-1
786,856839,857867,-1
787,858065,858610,-1
787.1,858613,858855,-1
788,858822,860177,-1
789,860177,861004,-1
790,861004,862212,-1
791,862209,862850,-1
792,863052,864521,1
793,864552,865298,1
794,865396,866283,1
795,866280,866714,1
796,866726,867994,1
797,867991,869529,-1
798,869580,870491,-1
799,870547,871170,1
800,871124,871903,-1
801,872148,873566,1
802,873571,874815,1
803,874812,875495,-1
804,875483,876376,1
805,876376,878532,1
806,878461,878940,-1
807,878960,880597,-1
808,880627,881466,1
809,881482,883182,1
810,883217,883855,-1
811,883832,884560,1
812,884666,884905,1
813,884902,885576,1
814,885593,886192,-1
815,886214,886942,-1
816,886939,887982,-1
817,887979,889910,-1
818,890240,891391,1
819,891381,892178,-1
820,892175,893182,-1
821,893227,894528,1
822,894881,895537,-1
823,895729,897993,1
824,897990,898619,1
825,898740,899696,1
826,899641,901239,-1
827,901274,901381,-1
828,901544,901933,1
829,902020,903603,1
830,903634,904728,1
831,904814,904996,-1
832,905143,906249,-1
833,906314,907201,1
834,907247,907927,-1
835,907924,908022,-1
836,908090,908392,-1
837,908394,909227,-1
838,909520,909942,-1
839,909939,910751,-1
840,910842,911648,1
841,911645,912592,1
842,912635,913411,1
843,913467,914108,-1
844,914166,916220,-1
845,916386,917555,-1
846,917643,918659,-1
847,918821,919540,-1
848,919507,920598,1
849,920650,921048,-1
850,921379,921774,1
851,921879,922784,1
852,922803,923720,-1
853,924302,924472,-1
854,924821,925273,1
854.1,925270,927519,1
855,927746,930385,-1
856,930646,931497,1
856.1,931478,932029,-1
857,932179,932925,-1
858,932903,933931,-1
859,934193,934381,-1
860,934695,935390,1
861,935477,936289,1
862,936357,937217,-1
863,937493,937735,1
864,937976,939304,1
865,939288,940292,1
866,940356,941006,-1
867,941078,942367,1
868,942350,942469,-1
869,942580,944094,-1
870,944219,944635,1
871,944742,945955,1
872,945955,947213,1
873,947210,947542,1
874,947539,948375,-1
875,948457,949293,1
876,949334,951016,-1
877,951081,951524,1
878,951530,952609,1
879,952693,953127,1
880,953155,953628,1
881,953625,954818,-1
882,954975,956186,1
883,956191,958353,1
884,958421,960049,-1
885,960346,962616,-1
886,962603,962884,1
887,962894,963397,1
888,963394,963876,1
889,963873,964298,1
890,964316,965539,-1
891,965987,966265,-1
892,966269,967351,-1
892.1,967348,967737,-1
893,967902,968309,1
894,968428,970257,-1
895,970338,970529,-1
896,970518,972470,1
897,972559,973842,-1
898,973818,974306,-1
899,974303,975982,-1
900,976087,976875,1
901,976884,978218,-1
902,978493,978768,-1
903,978765,979400,-1
904,979512,980240,1
905,980237,980521,1
906,980518,981279,-1
907,981436,982566,-1
908,982774,983796,1
909,983815,985542,1
910,985525,986037,-1
910.1,986004,986159,1
910.2,986281,986547,1
910.3,986686,986835,1
910.4,986746,986892,-1
911,987194,988717,1
912,988752,989873,-1
914,989960,992608,-1
915,992610,993467,-1
915.1,993473,993868,1
916,993865,995352,1
917,995330,996307,-1
918,996536,997717,1
919,997749,999311,1
920,999484,1000779,1
921,1000820,1002427,-1
921.1,1002453,1002716,-1
922,1002824,1003804,1
923,1003817,1003969,1
924,1003966,1004496,1
925,1004513,1005922,-1
926,1005864,1006574,-1
927,1006705,1008192,-1
928,1008219,1008950,1
929,1008956,1010074,1
930,1010059,1011747,1
931,1011744,1014137,1
932,1014407,1014568,1
933,1014694,1014873,1
934,1014879,1015313,1
934.1,1015411,1016184,1
936,1016429,1016698,1
937,1016833,1017240,-1
938,1017230,1018738,-1
939,1018740,1019978,-1
940,1020071,1021351,-1
941,1021357,1021656,-1
942,1022100,1023881,1
943,1023878,1024135,1
944,1024164,1024700,1
945,1024697,1025197,1
946,1025183,1025329,-1
947,1025510,1026829,-1
948,1027117,1027698,1
949,1027698,1029350,1
950,1029526,1030590,-1
951,1030591,1031880,-1
952,1031909,1032646,-1
953,1032723,1033799,-1
954,1033853,1034644,-1
955,1034859,1036028,1
956,1036041,1037015,1
957,1037012,1037926,1
958,1037933,1039927,-1
959,1039949,1041061,-1
960,1041277,1042107,1
961,1042128,1043252,1
962,1043312,1044328,1
963,1044330,1045235,1
964,1045212,1046033,-1
965,1046149,1048428,1
966,1048425,1050359,1
967,1050606,1051472,-1
968,1051557,1052330,-1
968.1,1052318,1052563,-1
969,1052709,1053704,-1
970,1053754,1054254,1
971,1054260,1055021,1
972,1055037,1056698,-1
973,1056799,1057083,-1
974,1057313,1057543,-1
975,1057659,1058312,-1
976,1058273,1060588,1
977,1060669,1061667,-1
978,1061977,1063140,1
979,1063153,1064064,1
980,1064061,1064975,-1
981,1065140,1066051,1
982,1066091,1067458,1
983,1067574,1068221,1
984,1068218,1069789,1
985,1069896,1071275,1
986,1071268,1073286,1
987,1073340,1073561,1
988,1073558,1073941,1
989,1074087,1074434,1
990,1074453,1075127,-1
991,1075124,1075264,-1
992,1075310,1076110,-1
992.1,1076209,1076625,-1
993,1076791,1077231,-1
994,1077246,1077938,-1
995,1077988,1078347,1
996,1078344,1078700,1
997,1078690,1081068,1
998,1081065,1081697,1
999.1,1081788,1082597,-1
1000,1082597,1083763,-1
1001,1083760,1085763,-1
1002,1085769,1087364,-1
1003,1087361,1088509,-1
1003.1,1088506,1090188,-1
1004,1090356,1093159,1
1006.1,1093376,1094383,-1
1007,1094562,1095086,1
1008,1095105,1096535,-1
1009,1096855,1097547,1
1010,1097547,1099061,1
1011,1099159,1100499,1
1012,1100496,1101044,1
1013,1101064,1101519,-1
1014,1101842,1102588,1
1015,1102581,1105148,1
1017,1105155,1106315,1
1018,1106444,1107445,-1
1019,1107482,1108138,-1
1020,1108211,1108564,-1
1021,1108617,1109204,-1
1022,1109311,1110231,1
1023,1110308,1111588,1
1024,1111651,1112262,1
1025,1112324,1113499,1
1025.1,1113673,1113813,1
1025.2,1113899,1114150,1
1025.3,1114211,1114420,-1
1026,1114499,1114762,1
1027,1114837,1115787,1
1028,1115805,1116563,1
1029,1116569,1117186,-1
1030,1117223,1118431,1
1031,1118466,1119977,-1
1032,1120060,1120917,1
1033,1120927,1122240,-1
1034,1122275,1123918,-1
1035,1123758,1125461,1
1036,1125488,1127047,-1
1037,1127424,1127927,1
1038,1128135,1129223,1
1039,1129196,1130149,1
1040,1130235,1131155,1
1040.1,1131425,1131724,-1
1041,1131690,1133303,1
1042,1133377,1133952,-1
1043,1133965,1134612,-1
1044,1134829,1135509,-1
1045,1135545,1136525,-1
1046,1136617,1138158,-1
1047,1138344,1138952,1
1048,1139011,1142715,1
1049,1142808,1143692,1
1050,1143702,1144511,1
1051,1144608,1145897,1
1052,1145902,1146588,1
1053,1146581,1147072,1
1054,1147063,1148022,1
1054.1,1148024,1148200,-1
1055,1148262,1148474,1
1056,1148471,1149151,-1
1057,1149148,1151763,-1
1058,1152056,1153771,1
1059,1153768,1155897,1
1060,1155897,1156466,1
1061,1156470,1157999,-1
1062,1158007,1158837,-1
1063,1158962,1159351,-1
1065,1159419,1160105,-1
1066,1160588,1160872,-1
1067,1160899,1161225,-1
1068,1161341,1162516,-1
1069,1162593,1163420,-1
1070,1163734,1163871,1
1070.1,1163981,1164229,1
1071,1164208,1164516,-1
1072,1164616,1165543,-1
1073,1165826,1166851,-1
1074,1167098,1167721,1
1075,1167718,1168599,1
1075.1,1168681,1169469,-1
1076,1169406,1170716,1
1077,1170801,1170953,1
1078,1171084,1172199,-1
1079,1172432,1172878,1
1080,1172924,1173832,1
1081,1173991,1174746,-1
1082,1175041,1175667,-1
1083,1175769,1176158,1
1083.1,1176145,1176531,1
1083.2,1176612,1176950,1
1084,1176932,1177288,1
1085,1177674,1178438,1
1086,1178650,1178862,-1
1087,1179241,1180623,1
1088,1180730,1182361,1
1089,1182395,1183501,1
1090,1183554,1184027,1
1091,1184061,1184924,1
1092,1184902,1185786,1
1093,1185787,1186869,-1
1094,1186950,1187369,-1
1095,1187481,1188047,1
1096,1188044,1188439,1
1096.1,1188467,1190470,-1
1096.2,1190575,1190697,1
1097,1190803,1192404,-1
1098,1192473,1192613,1
1099,1192697,1194508,-1
1100,1194505,1195278,-1
1101,1195290,1196327,-1
1102,1196514,1197350,1
1103,1197457,1198317,1
1104,1198391,1199608,-1
1105,1199661,1200617,-1
1106,1200819,1201895,1
1107,1201859,1201969,-1
1108,1201952,1203346,1
1109,1203548,1204270,1
1110,1204302,1205468,1
1111,1205539,1206033,-1
1112,1206219,1206680,-1
1113,1206755,1207621,1
1114,1207618,1207884,1
1115,1207871,1209892,1
1116,1209902,1210021,1
1117,1209991,1210719,-1
1118,1210830,1211618,1
1118.1,1211756,1214064,1
1118.2,1214241,1214561,1
1119,1214696,1215148,1
1120,1215165,1215332,1
1121,1215426,1215608,1
1122,1215800,1216255,1
1122.1,1216501,1216650,-1
1123,1216670,1218577,1
1124,1218795,1219733,-1
1125,1220121,1221401,1
1126,1221506,1222333,1
1127,1222544,1223845,1
1128,1223932,1224807,1
1129,1224810,1225691,-1
1130,1225688,1227112,-1
1131,1227143,1228129,-1
1132,1228380,1228931,1
1133,1228938,1230095,-1
1134,1230207,1230518,-1
1135,1230518,1230754,-1
1136,1230849,1232374,1
1137,1232392,1233504,-1
1138,1233514,1233786,-1
1139,1233761,1235008,-1
1140,1235005,1235643,-1
1141,1235751,1236740,1
1142,1236757,1237740,-1
1143,1237803,1238876,1
1143.1,1238964,1239161,1
1144,1239158,1239532,1
1145,1239735,1240433,1
1147,1240503,1240736,1
1148,1240663,1240938,-1
1149,1241181,1241504,1
1150,1241519,1242379,-1
1151,1242412,1242612,-1
1152,1242558,1243052,-1
1153,1243255,1244655,1
1154,1244677,1245699,1
1155,1245692,1246627,-1
1156,1246675,1247625,1
1157,1247630,1248211,1
1157.1,1248274,1248873,1
1158,1248877,1249482,-1
1159,1249479,1250951,-1
1160,1251257,1252519,-1
1161,1252621,1254081,-1
1162,1254102,1255682,1
1163,1255679,1256860,1
1164,1256821,1258602,1
1165,1258614,1260893,-1
1166,1261269,1261388,-1
1167,1261469,1261705,1
1168,1261819,1263729,-1
1169,1263861,1264103,1
1169.1,1264153,1264494,1
1170,1264581,1264985,1
1171,1265019,1266035,-1
1172,1266032,1266406,-1
1172.1,1266689,1266907,-1
1173,1266836,1267684,1
1174,1267692,1268498,-1
1175,1268641,1269447,-1
1176,1269446,1270633,1
1177,1270645,1271397,1
1178,1271525,1271680,-1
1179.1,1271912,1274256,1
1180,1274389,1275039,1
1181,1275131,1275463,1
1182,1275517,1275819,-1
1183,1275789,1277288,-1
1184,1277383,1278310,1
1185,1278394,1279107,-1
1186,1279145,1279510,1
1187,1279488,1280336,-1
1188,1280333,1280920,-1
1189,1280979,1281362,1
1190,1281520,1281708,1
1191,1281796,1282383,1
1192,1282380,1282526,1
1193,1282546,1283661,-1
1194,1283658,1284350,-1
1195,1284477,1285775,1
1196,1285772,1286077,-1
1197,1286083,1286508,1
1198,1286816,1290514,1
1199,1290553,1292229,1
1200,1292271,1292891,1
1201,1292909,1293634,1
1202,1293656,1295542,1
1203,1295640,1297547,1
1204,1297575,1298180,-1
1205,1298252,1299292,-1
1206,1299310,1299630,-1
1207,1299792,1300703,1
1208,1300768,1301235,1
1209,1301243,1302169,-1
1210,1302419,1304989,1
1211,1305157,1305489,-1
1212,1305690,1307714,-1
1213,1307711,1308454,-1
1214,1308493,1308819,1
1215,1308852,1309940,1
1216,1309968,1310738,-1
1217,1310681,1312786,-1
1218,1313164,1319469,1
1219,1319522,1320940,1
1220,1321007,1324015,1
1221,1324019,1325134,-1
1222,1325263,1326999,-1
1223,1327176,1328792,-1
1224,1328877,1330508,1
1225,1330508,1331497,1
1226,1331579,1332451,1
1227,1332467,1333345,1
1228,1333376,1334332,1
1229,1334414,1335241,1
1230,1335281,1336702,1
1231,1336735,1338000,-1
1232,1338092,1338319,-1
1233,1338454,1338789,1
1234,1338836,1340011,1
1235,1340146,1340442,1
1236,1340493,1340777,1
1237,1340845,1342155,-1
1238,1342429,1343706,1
1239,1343703,1344656,-1
1240,1344747,1345811,1
1241,1345808,1346392,-1
1242,1346423,1348111,-1
1243,1348206,1348769,1
1244,1348819,1350612,1
1245,1350678,1351634,1
1246,1351631,1352605,1
1247,1352644,1353012,1
1248,1353009,1353623,1
1249,1353685,1353957,1
1250,1353985,1355148,-1
1251,1355323,1356537,1
1252,1356780,1357112,-1
1253,1357246,1358931,-1
1254,1358959,1359633,-1
1255,1359642,1361288,-1
1256,1361285,1362220,-1
1257,1362210,1362848,-1
1258,1362990,1363637,-1
1259,1363900,1364673,1
1260,1364636,1365295,1
1261,1365363,1366949,1
1262,1366951,1367346,1
1263,1367379,1368209,-1
1264,1368320,1369783,-1
1264.1,1369768,1370361,1
1265,1370408,1370965,1
1266,1371017,1371190,1
1267,1371265,1372437,-1
1268,1372450,1373685,-1
1269,1373810,1374352,-1
1270,1374349,1375656,-1
1271,1375718,1376323,-1
1272,1376464,1376991,1
1273,1377012,1378418,1
1274,1378415,1379338,1
1275,1379343,1380167,1
1276,1380172,1381353,1
1277,1381430,1382530,-1
1278,1382701,1383690,1
1279,1383730,1384026,1
1280,1384023,1384454,1
1280.1,1384477,1386237,-1
1281,1386345,1387205,1
1283,1387286,1388116,-1
1284,1388173,1388604,-1
1285,1388630,1388749,1
1286,1388844,1392539,-1
1287,1392681,1393469,-1
1288,1393495,1393647,-1
1289,1393666,1395405,1
1290,1395308,1398751,-1
1291,1398783,1399391,-1
1292,1399457,1401148,1
1293,1401145,1402296,1
1294,1402265,1402873,-1
1295,1402873,1404090,-1
1296,1404204,1405571,-1
1297,1405568,1406827,-1
1297.1,1406919,1407725,1
1298,1407694,1408845,1
1299,1408970,1409419,-1
1300,1409424,1409894,-1
1301,1409917,1411305,1
1302,1411380,1412573,1
1303,1412746,1413426,1
1304,1413446,1415326,-1
1305,1415667,1416833,-1
1305.1,1416881,1417183,-1
1306,1417144,1417842,-1
1307,1418065,1418487,-1
1308,1418500,1419234,-1
1309,1419447,1419794,-1
1310,1419896,1421791,-1
1311,1421788,1423536,-1
1312,1423668,1424240,1
1312.1,1424189,1424779,1
1313,1424924,1425430,-1
1314,1425650,1426903,1
1315,1426900,1429527,1
1316,1429548,1431134,1
1317,1431151,1432926,-1
1318,1432919,1434757,-1
1319,1434754,1435629,-1
1320,1435626,1436603,-1
1321,1436602,1436748,1
1322,1436810,1437301,1
1323,1437464,1438393,1
1324,1438393,1440237,1
1325,1440291,1440776,1
1326,1440834,1442204,1
1327,1442253,1442885,1
1328,1443024,1444547,-1
1329,1444546,1444914,1
1330,1445041,1445136,-1
1330.1,1445161,1445706,1
1331,1445920,1447572,1
1332,1447569,1448912,1
1333,1448916,1450241,1
1334,1450238,1451320,1
1335,1451538,1452488,1
1336,1452745,1454553,1
1337,1454704,1454946,1
1338,1455036,1456109,1
1339,1456169,1457083,1
1340,1457099,1457752,1
1341,1457833,1459050,1
1342,1459212,1459310,1
1343,1459307,1459792,1
1344,1459785,1460537,1
1345,1460586,1460831,1
1346,1460862,1461377,1
1347,1461384,1462724,1
1348,1462769,1464418,1
1349,1464425,1465342,1
1350,1465382,1466842,1
1351,1466856,1467221,1
1352,1467229,1467672,1
1353,1467712,1469046,-1
1354,1469212,1469793,-1
1355,1469862,1471118,1
1356,1473005,1473154,1
1357,1476675,1477196,-1
1358,1477169,1478659,-1
1359,1478740,1480365,-1
1360,1480435,1482033,-1
1361,1482040,1483716,-1
1362,1483729,1485432,-1
1363,1485494,1486174,1
1363.1,1486197,1486493,1
1364,1486528,1486986,-1
1365,1487077,1488246,1
1366,1488376,1489290,1
1367,1489368,1490975,-1
1367.1,1491118,1491234,1
1368,1491331,1493526,-1
1369,1493534,1495747,-1
1370,1495778,1498369,1
1371,1498409,1500403,-1
1372,1500427,1501773,-1
1373,1501875,1502180,1
1374,1502140,1502796,1
1375,1502813,1503847,1
1376,1503855,1504295,1
1376.1,1504317,1504598,1
1377,1504608,1505579,1
1378,1505609,1506292,1
1379,1506289,1507104,1
1380,1507131,1507952,1
1381,1507969,1508748,1
1382,1508787,1509401,1
1383,1509398,1509760,-1
1384,1509757,1510137,-1
1385,1510182,1510502,1
1387,1510664,1512061,1
1388,1512061,1513221,1
1389,1513188,1513820,-1
1390,1514262,1516841,1
1392,1516838,1518577,1
1393,1518706,1519449,1
1394,1519446,1519775,1
1395,1519978,1520349,1
1396,1520415,1521200,-1
1397,1521220,1523091,-1
1398,1523100,1525028,-1
1399,1525244,1526035,-1
1400,1526508,1527431,-1
1401,1527451,1527591,-1
1402,1527827,1531306,1
1403,1531379,1532140,1
1404,1532188,1532424,-1
1405,1532563,1533585,1
1406,1533658,1534848,-1
1407,1535163,1535825,-1
1408,1535822,1536415,-1
1409,1536384,1536608,-1
1410,1536899,1538944,-1
1411,1538999,1539385,-1
1412,1539606,1540427,1
1413,1540396,1540656,1
1414,1540728,1541933,-1
1414.1,1542039,1542185,1
1415,1542236,1543021,1
1416,1543061,1544686,1
1417,1544683,1545864,1
1418,1545888,1546850,1
1418.1,1546930,1547388,-1
1419,1547690,1549009,1
1420,1549006,1550499,1
1421,1550437,1551117,-1
1422,1551086,1552513,-1
1423,1552512,1553093,1
1424,1553090,1554049,1
1425,1554046,1555338,1
1426,1555335,1555832,1
1427,1555865,1556959,1
1428,1556959,1560306,1
1429,1560303,1561127,1
1430,1561322,1561630,1
1431,1561627,1563246,1
1432,1563301,1563552,-1
1433,1563789,1564124,1
1434,1564232,1564885,1
1435,1564882,1565283,1
1436,1565299,1566555,1
1437,1566674,1567894,1
1438,1567967,1569445,-1
1439,1569442,1570827,-1
1440,1570905,1571939,1
1440.1,1571985,1573714,-1
1441,1573969,1574370,-1
1442,1574367,1574636,-1
1443,1574707,1575666,-1
1444,1575691,1576653,-1
1445,1576604,1577389,1
1446,1577470,1579434,1
1447,1579452,1580276,-1
1448,1580400,1580927,1
1449,1580999,1581823,-1
1450,1582020,1582958,1
1451,1582955,1584328,1
1452,1584362,1585051,1
1453,1585048,1586067,1
1454,1586064,1587620,-1
1455,1587626,1588345,-1
1456,1588421,1589026,1
1457,1589376,1590146,1
1458,1590251,1591528,1
1459,1591525,1592007,1
1460,1592004,1592468,1
1461,1592493,1593179,1
1462,1593359,1593832,1
1463,1593896,1595836,1
1464,1595833,1596738,1
1465,1596735,1597763,1
1466,1597754,1598737,1
1467,1598747,1599091,-1
1468,1599074,1600891,1
1469,1600761,1602176,-1
1470,1602176,1603783,-1
1471,1603787,1604614,-1
1472,1604733,1606001,1
1474,1606242,1607828,1
1475,1607939,1609708,1
1476,1609705,1611126,1
1477,1611290,1612105,1
1478,1612112,1612255,1
1479,1612204,1612866,-1
1479.1,1612811,1613026,1
1480,1613190,1614209,1
1481,1614212,1615450,1
1482,1615447,1616232,1
1483,1616248,1616836,-1
1484,1616844,1617269,-1
1485,1617720,1617953,1
1486,1618092,1619566,-1
1487,1619673,1621973,1
1488,1621970,1622089,-1
1489,1622089,1622574,-1
1490,1622638,1622889,1
1491,1623169,1623579,-1
1492,1623596,1624339,-1
1493,1624336,1625247,-1
1494,1625300,1626844,-1
1495,1626841,1627962,-1
1496,1627979,1630156,-1
1497.1,1630519,1634745,-1
1497.2,1634936,1635094,-1
1498,1635144,1636070,1
1499,1636119,1638335,-1
1500,1638451,1639749,1
1501,1639777,1640784,-1
1502,1640744,1641646,1
1503,1641596,1642531,-1
1504,1642640,1643425,-1
1505,1643422,1644363,-1
1506,1644519,1646294,-1
1507,1646312,1647148,1
1508,1647145,1649685,1
1509,1649682,1650875,1
1510,1650872,1651672,1
1511,1651674,1652927,1
1512,1652924,1653412,1
1513,1653387,1653734,1
1514,1653829,1655658,-1
1514.1,1655765,1656892,-1
1515,1657119,1659092,1
1516,1659136,1659510,1
1517,1659526,1659897,1
1518,1659919,1660776,1
1519,1660812,1662440,1
1520,1662537,1662728,1
1521,1662797,1663360,-1
1522,1663371,1666202,-1
1523,1666360,1666920,1
1524,1667737,1668564,1
1525,1668575,1669300,1
1526,1669439,1670572,1
1527,1670611,1671522,1
1528,1671533,1672540,1
1529,1672613,1673491,-1
1530,1673596,1674339,1
1531,1674358,1675167,1
1532,1675173,1676207,1
1533,1676173,1677039,-1
1533.1,1677097,1677531,1
1533.2,1677553,1678698,1
1534,1678708,1679064,1
1535,1679098,1679328,1
1536,1679478,1680785,1
1537,1680883,1681146,1
1538,1681364,1682122,-1
1539,1682313,1684160,1
1540,1684161,1686413,1
1541,1686427,1686729,1
1542,1686726,1687043,1
1543,1687040,1688044,1
1545,1688100,1689386,1
1546,1689459,1690076,-1
1547,1690290,1690502,-1
1548,1690491,1690961,1
1549,1691006,1692034,1
1550,1692046,1692867,1
1551,1693080,1693979,1
1552,1694152,1695318,-1
1553,1695437,1696102,-1
1554,1696099,1696617,-1
1555,1696883,1697578,-1
1555.1,1697512,1698015,1
1556,1698251,1700050,-1
1556.1,1700224,1700364,-1
1557,1700368,1701249,1
1558,1701451,1701969,1
1560,1701978,1702748,1
1560.1,1702752,1703171,1
1561,1703205,1704251,1
1562,1704200,1705216,1
1563,1705213,1705944,1
1564,1705962,1706750,-1
1565,1706785,1707771,-1
1566,1707684,1708805,-1
1567,1709026,1709790,1
1568,1709799,1710758,1
1569,1710888,1711157,1
1570,1711150,1712223,1
1571,1712212,1712412,-1
1572,1712457,1714208,1
1573,1714327,1717767,-1
1574,1717898,1718851,1
1575,1718881,1720125,1
1576,1720172,1720957,1
1577,1720935,1722215,-1
1578,1722238,1728539,-1
1578.1,1728784,1728915,1
1579,1729107,1729604,-1
1580,1729656,1731410,1
1581,1731527,1732630,1
1582,1732627,1733193,1
1583,1733270,1733704,-1
1584,1733764,1734890,1
1585,1734887,1735564,1
1585.1,1735761,1735928,1
1586,1736129,1736365,1
1587,1736672,1739797,1
1589,1739943,1741400,1
1590,1741365,1742345,-1
1591,1742397,1743005,1
1592,1742998,1743924,1
1593,1743931,1744524,-1
1594,1744579,1744989,-1
1595,1745340,1746242,1
1596,1746247,1747050,1
1596.1,1747072,1747299,1
1597,1747348,1747779,1
1598,1747847,1751401,1
1599,1751450,1753732,-1
1600,1753870,1755585,1
1601,1755671,1757464,1
1602,1757562,1757849,-1
1603,1757835,1759586,1
1604,1759589,1760332,1
1605,1760329,1760709,1
1606,1760706,1761083,1
1607,1761151,1761759,1
1608,1761898,1763091,1
1609,1763101,1763547,1
1610,1763582,1764871,1
1611,1764909,1765127,1
1612,1765133,1765537,1
1613,1765554,1767383,-1
1614,1767289,1769586,-1
1615,1769590,1771755,-1
1616,1771794,1773983,-1
1617,1774082,1774831,-1
1618,1775014,1775298,-1
1619,1775546,1776859,1
1620,1776856,1778016,1
1621,1778013,1778693,1
1622,1778693,1779202,1
1622.1,1779348,1780070,-1
1623,1780075,1780743,-1
1624,1781191,1782240,1
1625,1782241,1782480,1
1626,1782561,1783142,1
1627,1783197,1783298,-1
1628,1783307,1784674,-1
1629,1784904,1785437,-1
1630,1785663,1786712,1
1631,1786712,1788295,1
1632,1788265,1789152,1
1633,1789201,1789959,1
1634,1789980,1790390,-1
1635,1790463,1791806,1
1636,1791803,1792945,1
1637,1792942,1793574,1
1638,1793571,1794191,1
1639,1794204,1794938,1
1640,1794946,1795758,1
1641,1795760,1796563,1
1641.1,1796560,1796907,1
1642,1797088,1798170,1
1643,1798205,1798669,-1
1644,1798810,1800360,1
1645,1800350,1801057,1
1646,1801117,1801965,1
1647,1801998,1803266,1
1648,1803266,1804078,1
1649,1804078,1805484,1
1650,1805435,1805590,-1
1650.1,1805652,1805945,-1
1651,1806160,1806600,1
1652,1806590,1806988,1
1653,1807096,1808514,1
1654,1808540,1809424,1
1655,1809482,1810936,1
1656,1810870,1812600,-1
1657,1812597,1814180,-1
1658,1814267,1815307,-1
1659,1815337,1816794,-1
1660,1816905,1817492,-1
1661,1817521,1818852,-1
1662,1819078,1819704,1
1663,1819772,1820980,-1
1664,1820977,1821468,-1
1665,1821572,1824286,1
1666,1824449,1825894,1
1667,1825920,1827143,1
1668,1827294,1827737,-1
1669,1827859,1830078,1
1670,1830075,1831490,1
1671,1831479,1833176,-1
1672,1833358,1833798,1
1673,1833805,1834599,-1
1675,1834624,1837566,1
1676,1837623,1837880,-1
1677,1837896,1839365,-1
1678,1839424,1842981,-1
1679,1843231,1843785,1
1680,1843835,1844029,1
1681,1844091,1844480,1
1682,1844513,1845295,1
1683,1845306,1846361,-1
1684,1846671,1847603,1
1685,1847648,1848631,1
1686,1848638,1849444,1
1687,1849640,1850665,1
1688,1850665,1853160,1
1689,1853254,1856289,-1
1690,1856483,1857541,1
1691,1857538,1858752,1
1692,1858749,1859633,1
1693,1859630,1860832,1
1694,1860829,1861752,1
1695,1861749,1862354,1
1696,1862269,1863465,1
1697,1863545,1864957,1
1698,1865066,1866127,1
1701,1866210,1872590,1
1702,1872610,1877418,1
1703,1877418,1878926,1
1704,1878932,1881985,1
1705,1882132,1883193,1
1706,1883176,1884486,-1
1707,1884483,1886258,-1
1707.1,1886737,1886889,1
1708,1886922,1887269,1
1709,1887211,1887669,1
1710,1887678,1889009,-1
1711,1889102,1890034,-1
1712,1890062,1890718,-1
1713,1890717,1891049,1
1714,1891043,1891777,-1
1715,1891978,1892553,1
1716,1892550,1893098,1
1717,1893095,1893196,1
1718,1893193,1894101,1
1719,1894101,1895222,1
1720,1895231,1896055,1
1721,1896049,1897044,1
1722,1897274,1898122,1
1723,1898324,1901395,1
1724,1901388,1901612,1
1725,1901578,1902201,-1
1726,1902203,1902883,-1
1727,1902955,1903722,-1
1727.1,1903781,1904392,1
1728,1904404,1905678,1
1729,1906329,1906712,1
1730,1906751,1907503,1
1731,1907500,1908561,1
1732,1908558,1908734,1
1733,1908742,1909548,1
1734,1909548,1910471,1
1735,1910485,1912248,1
1736,1912344,1913525,1
1737,1913532,1914491,1
1738,1914631,1916391,1
1739,1916384,1917007,1
1740,1917004,1917939,1
1741,1918013,1919377,-1
1742,1919658,1919873,1
1743,1919933,1920634,-1
1744,1920588,1922258,-1
1745,1922299,1923456,-1
1746,1923496,1924680,-1
1746.1,1925135,1925299,1
1747,1925284,1925487,-1
1748,1925684,1927144,1
1749,1927366,1928118,1
1750,1928115,1928951,1
1751,1928948,1929643,1
1751.1,1929640,1930404,1
1752,1930401,1931093,1
1753,1931090,1932481,1
1753.1,1932655,1933467,1
1754,1933461,1934375,1
1755,1934378,1935208,1
1756,1935208,1935558,1
1757,1935413,1936573,-1
1758,1936443,1937222,1
1759,1937219,1937326,1
1760,1937662,1937784,1
1761,1937832,1938221,-1
1762,1938218,1938445,-1
1763,1938663,1940147,1
1764,1940144,1941391,1
1765,1941434,1941853,-1
1766,1941843,1942406,-1
1767,1942653,1944038,1
1768,1944071,1944640,1
1769,1944665,1945441,-1
1770,1945432,1946370,-1
1771,1946550,1948169,-1
1771.1,1948124,1948243,1
1772,1948535,1950091,1
1773,1950101,1950649,-1
1774,1950713,1951309,-1
1775,1951539,1951895,1
1776,1952149,1952742,-1
1777,1952745,1952987,-1
1778,1953086,1955044,-1
1779,1955041,1956228,-1
1780,1956338,1956799,1
1781,1956813,1958495,-1
1782,1958563,1958775,1
1783,1958775,1959023,1
1784,1959031,1959768,1
1785,1959862,1961562,1
1786,1961847,1962308,-1
1787,1962238,1962849,-1
1788,1962996,1964426,1
1789,1964494,1967085,1
1790,1967282,1967377,1
1791,1967458,1968189,1
1792,1968186,1968743,-1
1793,1968827,1970425,-1
1794,1970623,1971861,1
1795,1971988,1972437,1
1796,1972472,1975789,-1
1797,1975993,1977684,-1
1798,1977722,1977871,1
1799,1977868,1979412,-1
1800,1979541,1980686,-1
1801,1980876,1982015,1
1802,1982216,1985053,1
1803,1985567,1986451,-1
1804,1986502,1986828,-1
1805,1986864,1987388,1
1807,1987655,1990398,-1
1808,1990560,1990793,1
1809,1990887,1992482,1
1810,1992492,1992875,-1
1811,1992875,1993663,-1
1812,1993803,1994270,-1
1813,1994368,1994520,-1
1814,1994681,1995937,-1
1814.2,1995998,1996351,1
1815,1996348,1996956,-1
1816,1997159,1997428,1
1817,1997496,1997855,1
1818,1998036,1999890,1
1820,2000088,2001290,1
1820.1,2001298,2002584,1
1821,2002581,2003867,1
1821.1,2004062,2004229,-1
1822,2004260,2004397,-1
1823,2004440,2005219,-1
1824,2005252,2006592,1
1825,2006592,2007410,1
1826,2007415,2007975,-1
1827,2008076,2009380,1
1828,2009501,2010007,-1
1829,2010106,2011899,-1
1830,2012119,2012682,1
1831,2012722,2014896,-1
1832,2015160,2016680,1
1833,2016677,2020852,1
1834,2020867,2022147,-1
1835,2022248,2022451,1
1836,2022601,2023818,1
1837,2023897,2024196,1
1838,2024156,2025391,1
1838.1,2025431,2025733,1
1839,2025806,2026897,1
1839.1,2026843,2027010,-1
1840,2027306,2027623,1
1841,2027767,2028063,1
1842,2028114,2028398,1
1843,2028486,2029388,1
1844,2029660,2031171,1
1845,2031149,2032906,1
1846,2032903,2034123,1
1847,2034120,2035952,1
1848,2036579,2036770,1
1849,2036873,2038840,1
1849.1,2038791,2039177,-1
1850,2039421,2040692,1
1851,2040804,2042195,1
1853,2042343,2044295,-1
1854,2044443,2044811,-1
1854.1,2045107,2045529,-1
1855,2045492,2045791,1
1856,2045806,2047017,1
1856.1,2047410,2048570,1
1857,2048024,2050108,1
1858,2050302,2050709,1
1859,2050863,2051567,1
1860,2051577,2052770,-1
1861,2053101,2053532,-1
1862,2053899,2054843,1
1863,2054948,2055613,1
1864,2055676,2056380,1
1865,2057015,2058415,1
1866,2058596,2060071,-1
1867,2060146,2062065,-1
1868,2062136,2063779,1
1869,2063794,2066220,1
1870,2066417,2067046,1
1871,2067033,2067962,1
1872,2067991,2068356,1
1873,2068373,2069251,1
1874,2069289,2069693,1
1875,2069933,2070421,1
1876,2070418,2071161,1
1877,2071280,2071774,1
1879,2072066,2072743,1
1880,2073102,2075927,1
1881,2076154,2077014,-1
1882,2077055,2077921,1
1883,2077926,2079813,-1
1884,2079829,2081862,-1
1885,2081982,2084207,-1
1886,2084483,2084878,-1
1887,2084875,2085138,-1
1888,2085197,2086744,-1
1889,2086907,2087944,-1
1890,2087944,2089311,-1
1891,2089485,2090924,-1
1892,2090957,2092408,-1
1893,2092438,2093388,-1
1894,2093403,2093819,-1
1895,2094097,2094519,1
1896,2094568,2094870,1
1897,2094867,2095181,1
1898,2095181,2096914,1
1899,2096914,2097549,1
1900,2097560,2098234,1
1901,2098188,2098868,1
1902,2098871,2100262,-1
1903,2100404,2101327,-1
1904,2101366,2102043,-1
1905,2102205,2102990,1
1906,2103050,2103787,1
1907,2103794,2104903,1
1908,2104956,2105933,1
1909,2106168,2106284,-1
1910,2106385,2106690,1
1911,2106762,2107805,1
1912,2107812,2108582,-1
1913,2108575,2109276,-1
1914,2109327,2110187,-1
1915,2110283,2112697,1
1916,2112832,2114514,-1
1917,2114568,2116667,1
1918,2116681,2117916,-1
1919,2118016,2118651,-1
1920,2118716,2119105,-1
1921,2119128,2120372,-1
1922,2120362,2120832,1
1923,2120887,2121591,1
1924,2121602,2122045,1
1924.1,2122051,2122269,-1
1925,2122561,2123040,1
1926,2123125,2125188,1
1927,2125243,2126595,1
1928,2126598,2127734,1
1929,2127762,2129051,-1
1930,2129128,2129592,-1
1931,2129592,2130425,-1
1931.1,2130453,2130929,-1
1932,2130968,2131534,-1
1933,2131510,2132109,-1
1934,2132126,2133250,-1
1935,2133479,2134636,1
1936,2134606,2135571,-1
1937,2135907,2136263,-1
1940,2136322,2136933,-1
1941,2136987,2137394,1
1942,2137411,2137722,1
1943,2137732,2137950,1
1944,2137985,2139115,-1
1945,2139188,2139619,1
1946,2139767,2140921,1
1947,2140781,2141692,-1
1948,2141697,2142182,-1
1949,2142186,2142494,1
1950,2142460,2143584,-1
1951,2143536,2144924,-1
1952,2144941,2146245,1
1953,2146297,2147523,-1
1954,2147556,2148059,1
1955,2148242,2148676,1
1956,2148724,2149686,-1
1957,2149716,2150189,-1
1957.1,2150265,2150534,1
1958,2150526,2151173,-1
1959,2151180,2153402,-1
1960,2153440,2153892,-1
1961,2153997,2154626,-1
1962,2154673,2155290,-1
1963,2155378,2156382,-1
1964,2156482,2157234,1
1965,2157212,2157619,-1
1966,2157754,2159586,1
1967,2159601,2160053,1
1968,2160223,2164698,-1
1969,2165003,2168044,-1
1970,2168415,2168900,-1
1971,2168977,2169840,1
1972,2169878,2171149,-1
1973,2171421,2172536,1
1974,2172587,2173867,1
1975,2173904,2174374,-1
1976,2174441,2176303,1
1977,2176311,2176790,-1
1978,2176920,2177012,-1
1979,2177024,2177800,1
1980,2177804,2178549,-1
1980.1,2178594,2179237,-1
1980.2,2179249,2179773,-1
1981,2179791,2180582,-1
1982,2180703,2181200,1
1983,2181197,2182288,-1
1984,2182290,2183519,-1
1985,2183534,2184490,-1
1986,2184715,2185824,1
1987,2185827,2188346,1
1988,2188358,2189428,1
1989,2189425,2189940,1
1990,2189937,2190998,1
1991,2190995,2191765,1
1992,2191975,2192328,-1
1993,2192301,2192678,-1
1994,2192675,2193265,-1
1995,2193236,2194684,1
1997,2194839,2195291,-1
1998,2195355,2195756,1
1998.1,2196045,2196395,-1
1999,2196406,2197308,-1
2000,2197329,2197520,-1
2001,2197521,2197934,-1
2002,2198045,2198272,1
2003,2198269,2198580,1
2004,2198915,2199427,1
2005,2199469,2199918,1
2006,2199915,2200460,1
2007,2200517,2200669,1
2008,2201012,2201308,-1
2009,2201305,2201556,-1
2010,2201543,2202037,1
2011,2202037,2202144,1
2012,2202197,2202604,-1
2013,2202608,2202880,-1
2014,2202913,2204133,-1
2015,2204108,2204245,-1
2015.1,2204352,2204804,-1
2015.2,2204769,2205038,1
2016,2205032,2205829,1
2017,2205839,2206654,1
2018,2206659,2207936,1
2019,2207933,2208961,1
2020,2208868,2210190,1
2021,2210187,2211458,1
2022,2211455,2212588,1
2023,2212589,2213902,1
2024,2213924,2214499,1
2024.1,2214496,2214978,1
2025,2214991,2215368,1
2026,2215384,2216049,1
2027,2216057,2216179,-1
2028,2216176,2216583,-1
2029,2217086,2218132,1
2030,2218204,2219088,1
2031,2219051,2220496,-1
2032,2220675,2221490,-1
2033,2221552,2222520,-1
2034,2222745,2223164,-1
2035,2223173,2223433,-1
2036,2223576,2225252,1
2037,2225240,2225893,-1
2038,2226008,2226238,1
2039,2226323,2227234,-1
2040,2227343,2227942,1
2041,2228358,2228786,1
2042,2229012,2229551,1
2042.1,2229731,2230003,1
2043,2230071,2230631,-1
2044,2230628,2230969,-1
2045,2231055,2231312,1
2045.1,2231213,2231548,-1
2046,2231637,2231981,-1
2047,2231975,2232223,-1
2048,2232323,2234638,-1
2049,2234635,2234907,-1
2050,2234960,2235316,-1
2051,2235473,2236240,1
2052,2236336,2237289,1
2053,2237503,2240208,1
2054,2240277,2241053,-1
2055,2241148,2242470,-1
2056,2242523,2244154,1
2057,2244164,2244916,1
2058,2244992,2245774,1
2059,2245895,2246752,-1
2060,2246810,2248318,-1
2061,2248328,2249215,-1
2062,2249334,2253317,1
2063,2253416,2253760,-1
2064,2253949,2255307,-1
2064.1,2255362,2255604,1
2065,2255605,2256003,1
2066,2256186,2256617,-1
2067,2256658,2257152,1
2068,2257149,2257397,1
2069,2257856,2258476,1
2070,2258430,2259020,1
2071,2259148,2260443,-1
2072,2260692,2261333,1
2073,2261330,2262370,1
2074,2262543,2263331,1
2075,2263321,2263737,1
2076,2263753,2264052,-1
2077,2264137,2264442,-1
2078,2264451,2265056,-1
2079,2265081,2265536,-1
2080,2265600,2266277,-1
2080.1,2266229,2266465,-1
2081,2266672,2267607,-1
2082,2267752,2272572,-1
2083,2272779,2272895,-1
2084,2273082,2274080,-1
2085,2274195,2275079,-1
2086,2275119,2276840,-1
2087,2276901,2277740,-1
2088,2277737,2278756,-1
2089,2278773,2280818,-1
2090,2280830,2281264,-1
2091,2281455,2282456,1
2092,2282440,2282562,-1
2093,2282572,2283414,-1
2094,2283479,2283949,1
2095,2283946,2284434,1
2096,2284377,2285072,1
2097,2285079,2286053,-1
2098,2286055,2287128,-1
2099,2287131,2287973,-1
2100,2287960,2288862,-1
2101,2288859,2290178,-1
2102,2290216,2291013,-1
2103,2291013,2291573,-1
2104,2291614,2292003,-1
2105,2292017,2293522,-1
2106,2293601,2294257,1
2107,2294294,2296858,-1
2108,2296863,2309318,-1
2109,2309625,2309987,-1
2110,2310153,2310488,1
2111,2310463,2313069,-1
2112,2313245,2314849,-1
2113,2314830,2315408,1
2114,2315457,2316170,1
2115,2316306,2316428,-1
2116,2316419,2316685,-1
2117,2316686,2316991,-1
2117.1,2316993,2317157,-1
2118,2317157,2317393,-1
2119,2317506,2319041,1
2120,2319013,2319456,-1
2121,2319501,2323088,-1
2122,2323163,2323396,1
2123,2323473,2323799,1
2124,2323783,2324874,1
2125,2324884,2325510,1
2126,2325507,2327033,1
2127,2326979,2328202,-1
2128,2328218,2329141,-1
2129,2328898,2329833,1
2130,2329823,2330557,-1
2131,2330554,2331354,-1
2132,2331306,2332478,-1
2133,2332546,2333295,-1
2134,2333325,2333738,1
2135,2333748,2335211,-1
2136,2335369,2335668,-1
2137,2335655,2336626,-1
2138,2336627,2336926,-1
2138.1,2337060,2337209,1
2138.2,2337184,2337627,-1
2139,2337391,2337705,1
2140,2337687,2339657,1
2141,2339629,2340201,1
2142,2340176,2340370,-1
2143,2340397,2340849,-1
2144,2341041,2343200,1
2145,2343197,2344141,1
2146,2344128,2345270,1
2147,2345353,2345658,1
2148,2345637,2346550,1
2149,2346737,2348506,1
2150,2348523,2349650,-1
2151,2349866,2350822,1
2152,2350826,2351560,-1
2153,2351602,2354322,-1
2154,2354370,2355224,-1
2155,2355313,2355660,-1
2156,2355632,2356582,-1
2157,2356579,2357577,-1
2158,2357586,2358944,-1
2159,2358996,2360471,-1
2160,2360651,2362306,1
2160.1,2362469,2362639,1
2161,2362683,2365547,1
2162,2365540,2366373,1
2163,2366352,2366789,-1
2164,2366793,2367047,-1
2165,2367063,2367359,-1
2165.1,2368019,2368117,-1
2166,2368267,2368563,1
2167,2368619,2369350,1
2168,2369639,2369767,1
2169,2369890,2370636,-1
2170,2370633,2371508,-1
2171,2371505,2371699,-1
2172,2371812,2373329,-1
2173,2373480,2374673,1
2174,2374645,2375307,1
2175,2375311,2377140,-1
2176,2377421,2377990,1
2177,2377998,2378291,1
2178,2378320,2379162,-1
2179,2379236,2380072,1
2180,2380095,2380610,-1
2181,2380656,2381510,-1
2182,2381513,2381794,-1
2182.1,2381921,2382373,1
2183,2382136,2384580,-1
2184,2384869,2385747,1
2185,2385744,2386235,-1
2185.1,2386544,2386846,-1
2186,2387272,2388660,1
2187,2388883,2389815,-1
2188,2389790,2390917,-1
2189,2391092,2391799,-1
2190,2391968,2392216,1
2191,2392426,2393214,-1
2192,2393225,2393812,-1
2193,2393876,2394586,-1
2194,2394583,2395431,-1
2195,2395477,2395890,-1
2196,2395905,2396981,1
2197,2397295,2398368,1
2198,2398373,2398903,-1
2199,2398951,2400297,-1
2200,2400884,2401201,-1
2201,2401198,2401413,-1
2202,2401668,2402726,1
2203,2402856,2403212,-1
2204,2403307,2404089,-1
2205,2404357,2404743,-1
2206,2404809,2405534,-1
2207,2405531,2406325,-1
2208,2406313,2407119,-1
2209,2407076,2408281,-1
2210,2408388,2409332,-1
2211,2409329,2410813,-1
2212,2410810,2412042,-1
2213,2412039,2413613,-1
2214,2413625,2415115,-1
2215,2415087,2416166,-1
2216,2416163,2417695,-1
2217,2417692,2419437,-1
2218,2419322,2420356,-1
2218.1,2420353,2420694,-1
2219,2420962,2421828,-1
2220,2421931,2423529,-1
2221,2423739,2425778,-1
2222,2425775,2426929,-1
2223,2426926,2427960,-1
2224,2428118,2428549,-1
2225,2428898,2429302,-1
2226,2429568,2430188,1
2227,2430242,2430967,1
2228,2430964,2431944,-1
2229,2432180,2433238,1
2230,2433242,2434792,1
2231,2434779,2435243,-1
2232,2435274,2436473,1
2233,2436615,2437280,-1
2234,2437665,2439053,-1
2234.1,2439144,2439650,-1
2235,2439660,2440598,-1
2236,2440635,2441918,1
2237,2441919,2442662,-1
2238,2442748,2443152,-1
2239,2443140,2444282,-1
2240,2444399,2444833,-1
2241,2444938,2445327,-1
2242,2445484,2447295,1
2243,2447326,2448483,-1
2244,2448580,2449353,-1
2245,2449448,2450662,-1
2246,2450791,2451069,-1
2247,2451176,2453089,1
2248,2452964,2454007,-1
2249,2454234,2454845,1
2250,2454886,2455728,1
2251,2455725,2457014,1
2252,2457011,2458660,1
2253,2458780,2459424,-1
2254,2459424,2460323,-1
2255,2460509,2460928,-1
2256,2460936,2462027,-1
2257,2462273,2464231,1
2258,2464329,2465303,-1
2259,2465507,2466199,1
2260,2466207,2466563,-1
2261,2466663,2467808,-1
2262,2467898,2468608,1
2263,2468687,2469772,1
2264,2469769,2470518,1
2265,2470676,2472214,1
2266,2472140,2473246,-1
2267,2473318,2474457,-1
2268,2474436,2475602,1
2269,2475614,2477161,1
2270,2477199,2478977,-1
2272,2479241,2480902,1
2273,2480899,2481807,1
2274,2481830,2482552,1
2275,2482549,2483484,1
2276,2483511,2484263,1
2277,2484270,2484764,-1
2278,2484889,2486325,1
2279,2486643,2489627,-1
2280,2489676,2491016,-1
2281,2491111,2492673,-1
2282,2492735,2494258,-1
2283,2494499,2494690,-1
2284,2495016,2495861,1
2285,2496106,2497647,1
2285.2,2498197,2498424,1
2286,2498421,2498906,1
2287,2498918,2500012,-1
2289,2500009,2501880,-1
2290,2501877,2502854,-1
2291,2503008,2503427,-1
2292,2503550,2504425,1
2293,2504418,2504909,1
2294,2504909,2505724,1
2295,2505706,2506647,-1
2296,2506713,2507528,1
2297,2507623,2507859,-1
2298,2507987,2508448,-1
2299,2508448,2508924,-1
2300,2508962,2509747,-1
2301,2509811,2512516,1
2302,2512576,2513820,1
2303,2514059,2514967,1
2304,2515043,2515390,1
2305,2515387,2516637,1
2306,2516731,2517984,1
2307,2518015,2519436,1
2308,2519631,2520446,1
2309,2520501,2522045,-1
2310,2522045,2522704,-1
2311,2522662,2524251,1
2312,2524248,2525176,1
2314,2525242,2525745,1
2315,2525778,2526233,-1
2316,2526352,2526570,1
2317,2526599,2527132,-1
2318,2527262,2528080,-1
2319,2528094,2529155,-1
2320,2529450,2530535,1
2321,2530532,2531170,1
2322,2531247,2532755,-1
2323,2532844,2533797,1
2324,2533775,2535553,-1
2325,2535625,2535756,1
2326,2535753,2535848,-1
2327,2535903,2537132,1
2328,2537307,2538593,1
2329,2538847,2540013,-1
2330,2540010,2541479,-1
2330.1,2541581,2541763,-1
2331,2541901,2542428,1
2332,2542535,2542834,1
2333,2542940,2543308,1
2334,2543305,2543634,1
2334.1,2543875,2544045,-1
2335,2544086,2544955,1
2336,2544952,2546142,1
2337,2546327,2547241,-1
2338,2547405,2548784,1
2339,2549018,2550676,1
2340,2550783,2551721,-1
2341,2551770,2552018,-1
2342,2551990,2553285,1
2343,2553318,2554655,1
2344,2554722,2555414,-1
2345,2555548,2557176,1
2345.1,2557173,2557550,1
2346,2557520,2558302,1
2347,2558381,2558959,1
2348,2559067,2559873,1
2349,2559874,2560098,-1
2350,2560137,2560877,-1
2351,2561232,2562395,1
2352,2562692,2563255,1
2353,2563349,2564251,1
2354,2564283,2564735,1
2355,2564927,2565898,1
2356,2565904,2567847,-1
2357,2567921,2568853,-1
2358,2568893,2569552,1
2359,2569658,2569900,1
2360,2569941,2570864,-1
2361,2570861,2571070,-1
2361.1,2571453,2571632,-1
2362,2571654,2572943,1
2363,2573039,2573665,-1
2364,2573696,2574541,-1
2364.1,2574738,2574848,1
2365,2575073,2575264,-1
2365.1,2575349,2575750,-1
2365.2,2575873,2576055,-1
2366,2576264,2576980,1
2367,2576990,2577322,1
2367.1,2577269,2577595,-1
2368,2577688,2578143,-1
2369,2578160,2578285,-1
2370,2578322,2578489,-1
2370.1,2578520,2578675,-1
2370.2,2578672,2578836,-1
2370.3,2578890,2579177,1
2371,2579122,2579274,1
2372,2579280,2579624,1
2373,2579729,2580253,1
2374,2580331,2580600,1
2375,2580582,2580698,-1
2376,2580897,2581751,-1
2377,2581762,2583135,-1
2378,2583132,2584649,-1
2379,2584683,2585555,1
2380,2585542,2586366,1
2381,2586363,2587643,1
2382,2587692,2588570,-1
2383,2588567,2589982,-1
2384.1,2589998,2591208,-1
2385,2591205,2592113,-1
2386,2592178,2592624,1
2387,2592853,2593701,-1
2388,2593698,2595791,-1
2389,2595832,2596323,1
2390,2596470,2597723,1
2391,2597758,2599305,-1
2392,2599539,2600066,-1
2393,2599940,2600527,1
2394,2600952,2602598,1
2395,2602552,2604165,-1
2396,2604192,2604362,1
2397,2604640,2605572,1
2398,2605576,2606265,1
2399,2606681,2607649,1
2400,2607713,2608831,-1
2401,2608951,2609907,-1
2401.1,2609912,2610196,-1
2401.2,2610291,2610500,1
2402,2610537,2613425,1
2404,2613511,2614752,-1
2405,2614867,2615037,-1
2406,2615441,2615860,1
2407,2616080,2616373,1
2408,2616377,2618296,-1
2409,2618301,2619596,-1
2410,2619665,2621647,1
2411,2621732,2622016,-1
2412,2622067,2622363,-1
2413,2622498,2622824,-1
2414,2623016,2624542,-1
2415,2624625,2626163,-1
2416,2626381,2627943,-1
2417,2628124,2628237,1
2418,2628409,2628636,1
2419,2628767,2629942,-1
2420,2630144,2630434,-1
2421,2630443,2630742,-1
2422,2630831,2632078,-1
2423,2632415,2634280,-1
2423.1,2634430,2634798,-1
2424,2634821,2634931,1
2425,2635018,2636865,-1
2426,2637003,2638394,-1
2427,2638576,2638983,1
2428,2638980,2639372,1
2429,2639480,2639908,-1
2430,2639908,2640798,-1
2431,2640791,2641588,-1
2432,2641650,2643104,1
2433,2643101,2644003,-1
2434,2644077,2644358,-1
2435,2644390,2645610,-1
2436,2645694,2646227,-1
2437,2646246,2647304,-1
2438,2647440,2647553,-1
2439,2647575,2648888,-1
2440,2648981,2649268,1
2441,2649367,2650155,-1
2442,2650169,2651317,-1
2443,2651392,2652423,-1
2444,2652595,2652912,1
2445,2652939,2653445,-1
2445.1,2653545,2653760,-1
2446,2653738,2655033,-1
2447,2655030,2659415,-1
2448,2659397,2664760,-1
2449,2664585,2667614,-1
2450,2667599,2668939,-1
2451,2668923,2673167,-1
2452,2673266,2674963,1
2453,2674996,2675979,1
2454,2675983,2677335,-1
2455,2677788,2677997,1
2456,2678056,2679348,1
2457,2679345,2680517,-1
2458,2680578,2681042,-1
2459,2681039,2681596,-1
2460,2681817,2681918,1
2461,2682033,2683700,1
2462,2683697,2684461,1
2463,2684458,2685303,1
2464,2685340,2687271,1
2465,2687402,2689405,1
2466,2689554,2689769,1
2467,2689881,2690045,1
2467.1,2690066,2691214,1
2468,2691239,2692300,-1
2469,2692311,2693129,-1
2470,2693126,2693977,-1
2471,2693974,2695044,-1
2472,2694983,2695387,1
2473,2695372,2695566,-1
2474,2695859,2697787,1
2475,2697865,2698620,-1
2476,2698617,2700578,-1
2477,2700717,2701166,1
2478,2701337,2701630,-1
2479,2701693,2702367,1
2480,2702335,2702607,-1
2481,2702581,2703585,1
2482,2703343,2704182,-1
2483,2704182,2705159,-1
2484,2705159,2706814,-1
2485,2706924,2707184,1
2486,2707200,2708168,-1
2487,2708181,2709734,-1
2488,2709740,2710381,-1
2488.1,2710323,2710931,-1
2489,2710973,2712136,-1
2490,2712321,2713163,-1
2491,2713244,2713987,-1
2492,2713977,2714648,-1
2493,2714645,2715025,-1
2494,2715022,2715657,-1
2495,2715932,2716204,1
2496,2716446,2717492,1
2497,2717625,2718626,-1
2498,2718715,2720157,-1
2499,2720157,2721032,-1
2500,2721079,2722326,-1
2501,2722409,2722654,-1
2502,2722715,2722909,-1
2503,2723042,2723629,1
2504,2723655,2724188,1
2505,2724185,2724856,-1
2506,2724816,2725115,-1
2507,2725693,2725983,-1
2508,2725964,2727409,-1
2509,2727406,2729598,-1
2510,2729633,2729761,-1
2511,2730079,2730993,1
2512,2731207,2731644,1
2513,2731641,2733857,-1
2514,2733837,2733965,1
2515,2733966,2735096,-1
2516,2735096,2736550,-1
2517,2736621,2736881,-1
2518,2736896,2737210,-1
2518.1,2737377,2737604,-1
2519,2737555,2739030,1
2520,2738969,2740834,-1
2520.1,2740962,2741417,1
2521,2742160,2742570,-1
2522,2742613,2742984,-1
2523,2742981,2744444,-1
2524,2744441,2747071,-1
2525,2747159,2748466,-1
2526,2748508,2749074,-1
2527,2749108,2749506,1
2527.1,2749694,2749840,-1
2528,2749864,2750469,-1
2529,2750554,2751591,-1
2530,2751588,2753564,-1
2531,2753781,2755037,-1
2532,2755053,2756333,-1
2533,2756624,2757532,1
2534,2757654,2759225,1
2535,2759376,2760020,-1
2536,2760017,2760619,-1
2537,2760736,2762136,-1
2538,2762500,2763684,1
2539,2763704,2764510,-1
2540,2764516,2764995,-1
2541,2765004,2765882,1
2542,2765831,2768416,1
2543,2768489,2768992,-1
2544,2768943,2769185,-1
2545,2769212,2769880,-1
2546,2770005,2770409,1
2547,2770409,2772049,1
2547.1,2772123,2772410,1
2547.2,2772352,2772501,-1
2548,2772452,2773129,1
2549,2773161,2773814,-1
2550,2773820,2774236,-1
2551,2774233,2779107,-1
2552,2779211,2780887,-1
2553,2780968,2781474,-1
2554,2781442,2781594,1
2554.1,2781749,2782006,1
2554.2,2782084,2782404,1
2555,2782401,2784770,-1
2556,2784767,2786509,-1
2557,2786506,2787981,-1
2558,2788037,2788207,-1
2559,2788210,2789475,-1
2560,2789837,2790607,1
2561,2790788,2792872,-1
2563,2792954,2796295,-1
2563.1,2796333,2796695,-1
2564,2796741,2801738,-1
2565,2801810,2802016,-1
2566,2802152,2802775,1
2567,2802765,2803517,1
2568,2803570,2803791,1
2569,2803797,2804222,1
2570,2804245,2805426,-1
2571,2805423,2806469,-1
2572,2806480,2807583,-1
2573,2807842,2808663,-1
2574,2808660,2809217,-1
2575,2809214,2810398,-1
2576,2810403,2812367,-1
2577,2812372,2813961,-1
2578,2813958,2814614,-1
2579,2814611,2815357,-1
2580,2815440,2817083,-1
2581,2817151,2817846,1
2582,2817919,2818746,1
2583,2818743,2820089,-1
2584,2820165,2820971,1
2585,2820975,2822576,-1
2586,2822644,2823291,1
2586.1,2823338,2823739,1
2587,2824043,2825353,-1
2588,2825441,2825626,1
2589,2825648,2826070,1
2589.1,2826078,2826323,1
2590,2826364,2826825,-1
2591,2826831,2828078,-1
2593,2828197,2829000,-1
2593.1,2828997,2829290,-1
2593.2,2829190,2829429,-1
2594,2829596,2830822,-1
2595,2831245,2832750,1
2596,2832875,2833102,-1
2597,2833171,2833644,1
2598,2833616,2835028,-1
2599,2835025,2835417,-1
2600,2835610,2844819,-1
2600.1,2845063,2845308,1
2601,2845339,2846061,-1
2601.1,2846062,2846397,1
2601.2,2846577,2846804,1
2602,2846801,2847202,1
2603,2847237,2848157,-1
2604,2848361,2849752,1
2605,2849753,2850172,-1
2606,2850169,2850393,-1
2607,2850424,2853267,-1
2608,2853339,2854211,-1
2609,2854214,2854777,-1
2610,2854787,2855905,-1
2611,2855933,2856631,1
2612,2856635,2857078,-1
2613,2857075,2858163,-1
2614,2858160,2858690,-1
2615,2858694,2859899,-1
2615.1,2859914,2861035,1
2616,2861032,2861829,1
2617,2861741,2861968,-1
2618,2861956,2862615,1
2619,2862612,2863271,1
2620,2863268,2863930,1
2621,2863927,2864205,1
2622,2864295,2864711,1
2623,2864735,2865007,1
2624,2865004,2865381,1
2625,2865397,2865771,-1
2626,2865724,2866281,1
2627,2866263,2866508,-1
2627.1,2866626,2866835,-1
2628,2866919,2867338,-1
2629,2867350,2868159,-1
2630,2868156,2869409,-1
2631,2869402,2869914,-1
2632,2869915,2872629,-1
2633,2872720,2873109,-1
2634,2873216,2873890,1
2635,2873975,2874685,1
2636,2874715,2876073,-1
2637,2876219,2877196,1
2637.1,2877109,2877432,-1
2638,2877652,2878290,1
2639,2878433,2879482,1
2640,2879485,2880477,1
2641,2880754,2882505,1
2642,2882468,2885938,1
2643,2885938,2888592,1
2644,2888589,2889614,-1
2645,2889607,2890551,-1
2646,2890655,2891044,1
2647,2891036,2892103,-1
2648,2892156,2893940,-1
2649,2894099,2894926,1
2650,2894949,2895452,1
2651,2895482,2896363,1
2652,2896369,2896833,-1
2653,2896809,2896955,1
2654,2897061,2898650,1
2655,2898652,2899674,-1
2656,2899782,2900684,1
2657,2900964,2902235,-1
2658,2902232,2902972,-1
2659,2902957,2903883,1
2660,2903969,2906350,-1
2661,2906372,2907043,-1
2662,2907147,2908820,-1
2663,2908826,2910154,-1
2664,2910158,2911822,-1
2665,2911989,2912336,-1
2666,2912503,2913852,1
2667,2914014,2917520,1
2668,2917648,2917800,-1
2668.1,2917808,2919325,1
2669,2919342,2920376,-1
2670,2920373,2920963,-1
2671,2920960,2921526,-1
2672,2921898,2922281,1
2673,2922498,2923118,1
2673.1,2923159,2923623,1
2674,2923620,2924051,1
2674.1,2924076,2924534,1
2675,2924531,2926102,1
2676,2926213,2926500,1
2677,2926487,2926927,1
2678,2926948,2927703,-1
2679,2927836,2928432,-1
2680,2928440,2929285,-1
2681,2929314,2930234,-1
2682,2930341,2931015,1
2683,2931189,2932931,1
2684,2932953,2934008,-1
2685,2934008,2935144,-1
2686,2935155,2936105,-1
2687,2936102,2936755,-1
2688,2936752,2937339,-1
2689,2937332,2939410,-1
2689.1,2939519,2939746,1
2690,2939743,2941173,-1
2691.1,2941473,2941973,1
2692,2941990,2942430,-1
2693,2942577,2943254,1
2694,2943209,2943619,1
2695,2943605,2944030,-1
2696,2944027,2944701,-1
2697,2944779,2945600,1
2698,2945736,2946629,1
2699,2946632,2947450,-1
2700,2947465,2948646,-1
2701,2948705,2949136,-1
2702,2949650,2950891,-1
2703,2951201,2951563,1
2704,2951910,2953034,1
2705,2953036,2953575,1
2707,2953715,2955013,1
2708,2955052,2955333,-1
2709,2955478,2955963,-1
2710,2955990,2956247,-1
2712,2956248,2958614,-1
2713,2958613,2958855,1
2714,2958856,2959533,1
2715,2959729,2960385,1
2716,2960548,2960994,1
2717,2961169,2961501,-1
2718,2961621,2961980,-1
2719,2962082,2962540,1
2720,2963053,2964549,1
2721,2964553,2964975,1
2722,2965090,2965221,1
2723,2966266,2966697,1
2724,2966694,2967692,1
2725,2967802,2968170,1
2726,2968137,2968418,-1
2727,2968580,2970019,-1
2728,2970027,2970560,-1
2729,2970713,2971204,-1
2730,2971371,2971694,-1
2731,2971774,2972019,-1
2732,2972016,2973443,-1
2733,2973445,2973837,-1
2734,2973834,2974094,-1
2734.1,2974111,2974479,-1
2735,2974476,2975636,-1
2736,2975748,2975975,-1
2736.1,2976116,2976274,1
2737,2976638,2976871,1
2738,2976882,2977136,1
2739,2977484,2977765,1
2740,2977793,2978659,1
2741,2978681,2979439,1
2742,2979414,2980040,1
2743,2980069,2980539,1
2744,2980517,2981626,-1
2745,2981682,2982401,1
2746,2982498,2984054,1
2747,2984077,2985378,1
2748,2985547,2985957,1
2749,2986025,2986777,-1
2750,2986774,2987469,-1
2751,2987475,2988833,-1
2752,2988830,2989948,-1
2753,2989956,2990786,1
2754,2991144,2991680,1
2755,2991682,2992998,1
2756,2992995,2994911,-1
2757,2995055,2995552,1
2758,2995557,2996846,1
2759,2996926,2998212,1
2760,2998223,2998981,-1
2761,2998978,2999691,-1
2762,2999688,3000641,-1
2763,3000787,3002091,-1
2764,3002178,3004151,-1
2765,3004286,3004969,1
2766,3004966,3005628,1
2767,3005639,3006310,-1
2768,3006341,3006814,-1
2769,3006858,3007565,1
2770,3007771,3008550,-1
2771,3008625,3009089,-1
2772,3009115,3009600,1
2773,3009605,3009907,-1
2774,3010145,3010795,1
2775,3010805,3011638,-1
2776,3011800,3012597,1
2777,3012777,3014363,1
2777.1,3014400,3014828,1
2778,3014756,3015139,-1
2779,3015265,3015453,1
2780,3015515,3016489,1
2781,3016490,3016738,-1
2782,3016781,3017227,1
2783,3017403,3018374,1
2784,3018501,3019193,1
2785,3019206,3020264,-1
2786,3020377,3021783,1
2787,3022001,3022975,1
2788,3023034,3024059,1
2789,3024108,3024794,1
2790,3024803,3025297,-1
2791,3025349,3025813,-1
2792,3025976,3026473,-1
2793,3026781,3027434,1
2794,3027456,3029555,-1
2794.1,3029535,3029819,1
2795,3029845,3031038,1
2796,3031067,3032227,-1
2797,3032178,3033848,-1
2798,3033865,3034734,-1
2799,3034759,3035703,-1
2800,3035700,3036395,-1
2801,3036504,3037409,-1
2801.1,3037476,3037952,1
2802,3037960,3039312,1
2802.1,3039309,3039851,-1
2803,3039921,3041459,-1
2803.1,3041560,3041658,1
2803.2,3041756,3042610,1
2804,3042495,3043487,-1
2805,3043497,3044033,-1
2806,3043987,3046359,-1
2807,3046455,3046808,-1
2808,3046741,3046947,-1
2808.1,3046958,3048220,-1
2810,3048524,3048790,1
2812,3048849,3050213,1
2813,3050237,3051097,-1
2814,3051142,3051954,-1
2815,3051973,3052785,-1
2816,3052915,3053253,-1
2817,3053324,3053953,-1
2818,3054014,3054508,1
2819,3054577,3057483,-1
2820,3057538,3058356,1
2821,3058360,3059250,1
2822,3059237,3060913,-1
2823,3060944,3061846,-1
2824,3061915,3062667,-1
2825,3062911,3063186,-1
2826,3063183,3064805,-1
2827,3064892,3065308,-1
2828,3065305,3065571,-1
2829,3065597,3065992,-1
2830,3065989,3066258,-1
2831,3066268,3067362,-1
2832,3067359,3067778,-1
2833,3067852,3068331,-1
2834,3068402,3069202,-1
2835,3069358,3070095,1
2836,3070310,3071092,-1
2837,3071325,3071615,-1
2838,3071616,3073004,-1
2839,3072880,3073707,-1
2840,3074031,3075239,-1
2841,3075303,3075755,-1
2842,3075841,3076314,-1
2843,3076326,3077063,-1
2844,3077074,3077487,-1
2845,3077535,3078092,1
2846,3078096,3079187,-1
2847,3079207,3080388,-1
2848,3080435,3080905,-1
2849,3080937,3081482,-1
2850,3081542,3082657,1
2851,3082672,3083706,-1
2852,3083767,3085083,-1
2853,3085061,3087319,-1
2854,3087673,3088188,-1
2855,3088201,3088470,-1
2856,3088626,3089621,-1
2857,3089823,3091595,1
2858,3091680,3092366,1
2859,3092427,3093659,-1
2860,3093685,3094887,-1
2861,3094920,3096299,-1
2862,3096299,3096880,-1
2862.1,3097082,3097978,-1
2863,3097975,3098658,-1
2864,3098655,3099629,-1
2865,3099774,3100340,-1
2866,3100337,3102025,-1
2867,3102029,3102376,-1
2867.1,3102486,3103115,1
2868,3103134,3104783,1
2869,3104885,3105238,-1
2870,3105498,3106571,-1
2871,3106540,3107007,1
2872,3107183,3107812,-1
2873,3107986,3108177,1
2874,3108376,3109530,1
2875,3109752,3110021,1
2876,3110126,3110437,1
2877,3110459,3110626,-1
2878,3110928,3111464,1
2879,3111535,3112944,1
2880,3112941,3113753,1
2880.1,3114022,3114258,-1
2880.2,3114308,3114634,-1
2880.3,3114690,3115487,-1
2881,3115354,3116238,-1
2882,3116289,3116615,-1
2882.1,3116767,3117141,-1
2882.2,3117284,3117631,-1
2883,3117829,3118170,-1
2884,3118171,3119187,-1
2885,3119200,3120492,-1
2886,3120444,3121571,-1
2887,3121568,3122476,-1
2888,3122457,3123167,-1
2889,3123177,3123551,-1
2890,3123548,3126001,-1
2891,3125983,3126927,-1
2892,3127105,3127845,-1
2893,3127922,3128812,-1
2894,3128809,3129756,-1
2895,3129816,3129932,-1
2895.1,3130001,3130546,-1
2896,3130543,3131289,-1
2897,3131484,3132233,1
2898,3132312,3133394,-1
2899,3133387,3134439,-1
2900,3134698,3135525,-1
2901,3135522,3136433,-1
2902,3136520,3137830,-1
2903,3137846,3138796,-1
2904,3138831,3139382,-1
2905,3139382,3142084,-1
2906,3142170,3142469,-1
2907,3142596,3143627,-1
2908,3143636,3144187,-1
2909,3144382,3144927,1
2910,3144924,3145412,1
2911,3145413,3147149,-1
2912,3147250,3148842,-1
2913,3148865,3150082,-1
2914,3150359,3151732,-1
2915,3151732,3152355,-1
2916,3152376,3154208,-1
2917,3154260,3154730,-1
2918,3154789,3156270,-1
2919,3156333,3158324,1
2921,3158361,3159401,1
2922,3159414,3160793,1
2923,3160893,3162011,1
2924,3162028,3162558,-1
2925,3162792,3163568,-1
2926,3163565,3164932,-1
2927,3164929,3165729,-1
2928,3165782,3167155,-1
2929,3167315,3168172,-1
2930,3168214,3168798,-1
2931,3168956,3169150,1
2932,3169147,3169527,1
2933,3169609,3171465,-1
2934,3171650,3172360,-1
2935,3172613,3173467,-1
2936,3173523,3174686,-1
2937,3174703,3175917,-1
2938,3175925,3177124,-1
2939,3177536,3177979,1
2940,3178059,3178721,1
2941,3178817,3179008,1
2942,3179001,3181088,1
2943,3181184,3181765,1
2944,3181748,3182140,-1
2945,3182162,3183025,-1
2946,3183030,3183563,-1
2947,3183737,3184831,-1
2948,3184854,3185903,-1
2949,3185797,3186354,-1
2950,3186347,3186460,-1
2951,3186526,3187347,-1
2952,3187546,3188304,1
2953,3188319,3189701,-1
2954,3189698,3190585,-1
2955,3190584,3191003,1
2956,3191017,3192438,-1
2957,3192445,3193260,-1
2958,3193272,3194135,-1
2958.1,3194309,3194929,-1
2959,3194947,3196173,-1
2960,3196187,3196330,-1
2961,3196573,3197550,1
2962,3197547,3198494,-1
2963,3198534,3199499,-1
2964,3199418,3200587,-1
2965,3200584,3202095,-1
2966,3202095,3202520,-1
2967,3202729,3203559,-1
2968,3203559,3205898,-1
2969,3205956,3206261,-1
2970,3206315,3207109,-1
2971,3207123,3208007,-1
2972,3208065,3208406,-1
2973,3208781,3209725,1
2974,3209818,3210510,-1
2975,3210514,3211044,-1
2976,3211058,3211300,-1
2977,3211308,3211796,-1
2978,3211980,3212423,-1
2979,3212492,3213367,1
2980,3213427,3214014,-1
2981,3214016,3215851,-1
2982,3215920,3217731,-1
2983,3217891,3218946,1
2984,3218860,3220437,-1
2985,3220586,3222394,1
2986,3222405,3224831,-1
2987,3224889,3225227,-1
2988,3225224,3226657,-1
2988.1,3226664,3226759,-1
2989,3227191,3228459,-1
2990,3228509,3232126,-1
2991,3232138,3232419,-1
2992,3232406,3232819,-1
2993,3232811,3232957,1
2994,3232921,3233790,-1
2995,3234149,3234871,-1
2996,3234868,3235455,-1
2997,3235542,3236285,-1
2998,3236512,3237303,1
2998.1,3237290,3237601,1
2999,3238017,3239768,1
3000,3239765,3245395,1
3002,3245392,3250008,1
3003,3250005,3256571,1
3004,3256568,3262051,1
3005,3262057,3266523,1
3006,3266534,3267529,1
3007,3267526,3268395,1
3008,3268392,3269222,1
3009,3269269,3270537,1
3010,3270700,3277035,-1
3011,3277655,3279397,1
3012,3279390,3282152,1
3013,3282106,3282321,-1
3014,3282346,3282516,-1
3015,3282784,3284025,1
3016,3284110,3284826,1
3017,3284944,3285645,-1
3018,3285823,3290685,-1
3021.1,3290670,3292160,-1
3021,3292157,3294274,-1
3022,3294291,3294929,-1
3023,3294916,3296664,-1
3024,3296935,3297252,1
3025,3297423,3298568,-1
3026,3298761,3299573,1
3027,3299599,3300855,1
3028,3300986,3301585,-1
3029,3301899,3302873,-1
3030,3302987,3303718,1
3031,3303846,3304616,1
3032,3304591,3304731,-1
3033,3304764,3304970,-1
3034,3305033,3306319,-1
3035,3306420,3307157,-1
3036,3307272,3307622,-1
3037,3307635,3308048,-1
3038,3308092,3309441,-1
3039,3309555,3310775,1
3041,3310848,3311780,1
3041.1,3311786,3312304,1
3042,3312363,3312605,1
3043,3312649,3313134,-1
3044,3313220,3313786,-1
3045,3313982,3317365,-1
3046,3317390,3318022,-1
3047,3318028,3318813,-1
3048,3318892,3319821,-1
3049,3320420,3321268,1
3050,3321342,3322055,-1
3051,3322052,3324265,-1
3052,3324268,3325680,-1
3052.1,3325677,3325955,-1
3052.2,3326173,3326367,1
3053,3326390,3327073,-1
3055,3327106,3328107,-1
3056,3328104,3329483,-1
3057,3329483,3330067,-1
3058,3330179,3330823,1
3058.1,3330823,3330999,1
3058.2,3331000,3331176,1
3059,3331173,3332294,-1
3060,3332372,3333376,-1
3061,3333495,3334139,1
3062,3334234,3336459,1
3063,3336542,3337495,1
3064,3337553,3338197,-1
3065,3338410,3339006,-1
3066,3339031,3340452,-1
3067,3340422,3341225,1
3068,3341236,3342096,-1
3069,3342359,3342850,1
3070,3343182,3344654,-1
3071,3344651,3345370,-1
3072,3345645,3346982,1
3073,3346834,3347844,-1
3074,3347859,3349445,-1
3075,3349475,3350917,1
3076,3351091,3351651,1
3077,3351627,3351929,1
3078,3351953,3352942,1
3080,3352987,3353646,1
3080.1,3353695,3353913,-1
3081,3353960,3354973,-1
3082,3354999,3355505,-1
3083,3355505,3357361,-1
3084,3357494,3358129,-1
3085,3358068,3358907,-1
3086,3359084,3360205,1
3087,3360211,3360921,-1
3088,3361019,3361642,1
3089,3361639,3363168,-1
3090,3363198,3364229,-1
3091,3364325,3365809,-1
3092,3365806,3366105,-1
3093,3366124,3366846,1
3094,3366920,3368959,-1
3095,3369026,3370039,-1
3096,3370133,3370762,1
3097,3370866,3371231,-1
3098,3371315,3371722,-1
3099,3371758,3372084,1
3100,3372135,3373019,1
3101,3373046,3373978,-1
3102,3373975,3374067,-1
3103,3374230,3374406,-1
3104,3374446,3374736,-1
3105,3374771,3375079,-1
3106,3375111,3376418,-1
3106.1,3376415,3376828,-1
3107,3377111,3378358,-1
3108,3378521,3379624,-1
3109,3379621,3380802,-1
3110,3380899,3381813,-1
3111,3381810,3382655,-1
3112,3382811,3383767,-1
3113,3383806,3384606,-1
3114,3384837,3385661,1
3115,3385658,3387238,1
3116,3387270,3388514,1
3117,3388548,3388937,1
3118,3389116,3389664,1
3119,3389755,3390543,-1
3120,3391115,3392197,1
3121,3392194,3392877,-1
3122,3392950,3394026,-1
3123,3394161,3395144,-1
3124,3395155,3395919,-1
3125,3395928,3396794,-1
3126,3396791,3397654,-1
3127,3397669,3398898,-1
3128,3398936,3400657,-1
3129,3400968,3401951,1
3130,3402021,3403061,1
3131,3403050,3403424,-1
3131.1,3403398,3403556,1
3132,3403758,3404042,-1
3133,3404140,3405114,-1
3134,3405245,3406819,-1
3135,3406816,3406956,-1
3136,3406953,3407693,-1
3137,3407821,3409998,-1
3138,3409968,3410420,-1
3139,3410455,3410694,-1
3139.1,3410672,3411076,-1
3140,3411157,3411741,-1
3141,3411587,3412417,1
3142,3412427,3413467,1
3143,3413521,3414384,-1
3144,3414448,3415161,-1
3145,3415214,3416692,1
3145.1,3416635,3416763,-1
3146,3417463,3418995,-1
3147,3419052,3421217,-1
3148,3421374,3422897,1
3149,3423033,3425309,1
3149.1,3425358,3425540,1
3150,3425615,3426040,-1
3150.1,3426177,3426500,1
3151,3426497,3427105,1
3152,3427218,3427628,1
3153,3427769,3429412,-1
3153.1,3429482,3429880,1
3154,3429877,3430257,1
3155,3430239,3431363,1
3156,3431405,3431503,-1
3157,3431588,3432103,-1
3158,3432119,3432475,-1
3159,3432569,3433843,1
3160,3433840,3434763,-1
3161,3434862,3435338,1
3162,3435331,3437142,1
3163,3437143,3437544,1
3164,3437560,3438387,-1
3165,3438446,3441778,-1
3166,3441758,3443068,1
3167,3443194,3444252,-1
3168,3444294,3445781,1
3169,3445787,3446713,1
3170,3446710,3447540,1
3171,3447571,3448677,1
3172,3448712,3450133,1
3173,3450130,3451554,1
3174,3451551,3453062,1
3174.1,3453149,3453256,-1
3174.2,3453559,3453861,-1
3175,3454001,3454888,1
3176,3454906,3456597,1
3176.1,3456604,3457524,-1
3177,3457550,3458559,-1
3178,3458556,3459743,-1
3179,3459768,3460244,1
3180,3460342,3461481,1
3181,3461573,3462886,-1
3182,3463005,3463748,-1
3183,3464208,3465059,-1
3184,3465096,3465578,-1
3185,3465581,3466474,-1
3186,3466475,3467164,-1
3186.1,3467208,3467684,-1
3187,3467647,3468573,-1
3188,3468563,3469678,-1
3189,3469803,3471173,1
3190,3471174,3472757,-1
3191,3472787,3473296,1
3192,3473418,3474524,1
3193,3474542,3474970,1
3194,3474967,3475479,1
3194.1,3475496,3475747,1
3195,3475870,3476538,1
3196,3476522,3477085,1
3197,3477184,3478494,1
3198,3478572,3479741,1
3199,3479770,3480603,1
3200,3480605,3480907,1
3201,3480928,3481371,1
3202,3481368,3481970,1
3203,3482305,3483507,1
3204,3483589,3483822,-1
3205,3483885,3484355,1
3206,3484380,3484859,1
3207,3484965,3485105,1
3208,3485236,3486171,1
3209,3486272,3487447,-1
3210,3487498,3487662,-1
3211,3487604,3487918,-1
3212,3487931,3488977,1
3214,3488964,3490238,-1
3215,3490456,3490788,1
3216,3490771,3492162,-1
3217,3492311,3493345,1
3218,3493325,3495061,-1
3219,3495058,3495711,-1
3220,3495739,3496545,-1
3220.1,3496704,3496979,-1
3220.2,3496971,3497216,1
3221,3497278,3498420,1
3222,3498429,3498761,-1
3223,3498785,3498880,1
3224,3498877,3499659,1
3225,3499679,3500767,1
3226,3500847,3502253,1
3227,3502274,3503479,1
3228,3503579,3504550,1
3229,3504602,3505129,-1
3230,3505138,3505539,1
3231,3505572,3506801,-1
3233,3507166,3507552,1
3234,3507561,3508115,1
3235,3508190,3508822,1
3236,3508948,3510144,1
3237,3510141,3510899,1
3238,3510896,3512233,1
3239,3512275,3514650,1
3240,3514766,3515998,1
3241,3515991,3516626,1
3242,3516623,3517411,1
3243,3517408,3517707,1
3244,3517718,3519619,1
3245,3519613,3521277,1
3246,3521274,3522869,1
3247,3522875,3524686,-1
3248,3524895,3526955,-1
3249,3526971,3527648,-1
3250,3527623,3528771,-1
3251,3528841,3529278,-1
3252,3529275,3530546,-1
3253,3530576,3531538,-1
3254,3531546,3532028,-1
3255,3532025,3532990,-1
3256,3533064,3533753,-1
3257,3533735,3534871,1
3258,3534742,3535995,1
3259,3536120,3537484,1
3260,3537479,3538450,-1
3261,3538515,3538997,-1
3262,3539076,3539678,-1
3263,3539771,3540478,1
3264,3540499,3541980,1
3265,3541977,3542996,-1
3266,3543038,3543940,1
3267,3543915,3544430,1
3268,3544510,3544689,-1
3269,3544670,3544963,1
3270,3545176,3546540,1
3270.1,3546597,3547010,1
3271,3546887,3547321,-1
3272,3547324,3547776,-1
3273,3547744,3547878,1
3274,3548067,3548351,1
3275,3548348,3548677,1
3275.1,3548934,3549095,-1
3276,3549215,3549562,1
3277,3549559,3550179,1
3278,3550339,3551604,-1
3279,3551772,3551981,1
3280,3552016,3552201,1
3281,3552228,3553262,-1
3282,3553587,3553757,-1
3283,3554464,3554928,1
3284,3554947,3555114,1
3285,3555098,3558076,-1
3286,3558168,3559166,-1
3287,3559268,3560686,1
3288,3560692,3561591,1
3289,3561600,3561800,-1
3290,3561928,3563271,1
3290.1,3563305,3563595,-1
3290.2,3563739,3563861,-1
3291,3564013,3566115,-1
3292,3566239,3566493,1
3293,3566506,3567666,-1
3294,3567506,3568573,-1
3295,3568635,3571940,-1
3296,3571937,3575104,-1
3297,3575181,3575399,1
3298,3575430,3576215,1
3299,3576218,3576523,1
3300,3576530,3577408,-1
3301,3577435,3578613,-1
3302,3578704,3579732,-1
3303,3579907,3580593,1
3304,3580580,3580873,-1
3305,3581174,3581737,1
3306,3581747,3582442,-1
3307,3582701,3584284,1
3308,3584297,3585520,1
3309,3585596,3586396,-1
3310,3586475,3587161,1
3311,3587158,3588276,1
3312,3588424,3588756,1
3313,3588699,3589151,1
3314,3589368,3590333,1
3315,3590613,3590867,1
3316,3590929,3592434,-1
3317,3592451,3592690,-1
3318,3592951,3593256,-1
3319,3593253,3593804,-1
3320,3593801,3594655,-1
3321,3594751,3595599,1
3322,3595695,3595922,-1
3323,3595916,3597340,-1
3323.1,3597464,3598222,-1
3324,3598277,3599629,1
3325,3599626,3600618,1
3326,3600651,3601934,-1
3327,3602012,3603154,-1
3328,3603264,3603773,-1
3329,3603770,3604657,-1
3330,3604681,3605283,-1
3331,3605274,3606089,-1
3332,3606200,3606841,1
3333,3606859,3608016,-1
3334,3608021,3608503,-1
3335,3608564,3609298,-1
3337,3609365,3612562,-1
3338,3612581,3615430,-1
3339,3615509,3616168,-1
3340,3616469,3617194,-1
3341,3617148,3618008,-1
3342,3618058,3619821,-1
3343,3619809,3621512,-1
3344,3621562,3622269,-1
3345,3622318,3622962,-1
3346,3623059,3624546,-1
3347,3624651,3625343,-1
3348,3625283,3625465,-1
3349,3625470,3625640,-1
3350,3625637,3626887,-1
3351,3626996,3628483,-1
3352,3628538,3629962,1
3353,3629940,3631166,-1
3354,3631174,3632214,-1
3355,3632211,3633608,-1
3356,3633710,3634201,-1
3357,3634216,3634743,1
3358,3634771,3635142,-1
3359,3635442,3636437,1
3361,3636434,3637780,1
3362,3637881,3638015,1
3363,3638076,3639737,1
3364,3639797,3640876,-1
3365,3640878,3641783,-1
3366,3641794,3642708,-1
3367,3642787,3644280,1
3368,3644319,3645008,1
3369,3644977,3645414,1
3370,3645425,3647581,1
3371,3647578,3648246,-1
3372,3648347,3649531,1
3373,3649536,3651830,1
3374,3651819,3652988,-1
3375,3653013,3653537,-1
3376,3653534,3654823,-1
3377,3654825,3655595,1
3377.1,3655550,3655840,-1
3378,3656005,3656139,1
3379,3656110,3656910,-1
3379.1,3656960,3658606,1
3380,3658629,3659057,1
3381,3659054,3659722,1
3382,3659763,3660656,1
3383,3660653,3661084,1
3384,3661192,3662994,1
3385,3663004,3663789,-1
3386,3663786,3664223,-1
3387,3664421,3664834,-1
3388,3664869,3665246,-1
3389,3665280,3666629,-1
3390,3666680,3667132,-1
3391,3667163,3668410,1
3392,3668437,3669921,1
3393,3670021,3670830,-1
3394,3670901,3671566,1
3395,3671610,3676151,1
3396,3676155,3676922,1
3397,3676945,3677859,-1
3398,3677886,3680864,-1
3399,3680818,3681735,-1
3400,3681747,3682412,-1
3401,3682520,3684277,-1
3402,3684358,3685773,-1
3403,3685873,3686511,1
3404,3686530,3687699,-1
3405,3687696,3688880,-1
3406,3688945,3689751,1
3407,3689755,3691359,1
3408,3691361,3691984,-1
3409,3692089,3692988,1
3410,3692976,3694271,1
3411,3694292,3695224,-1
3412,3695244,3695414,-1
3413,3695593,3695937,-1
3414,3695975,3697071,-1
3415,3697071,3698354,-1
3416,3698351,3698752,-1
3417,3698989,3699327,1
3418,3699324,3699758,1
3419,3699887,3701659,1
3420,3701659,3702450,1
3421,3702529,3702957,-1
3422,3702961,3703203,-1
3423,3703325,3703939,-1
3424,3703936,3704601,-1
3425,3704602,3705156,-1
3426,3705132,3705506,-1
3427,3705603,3706790,-1
3427.1,3706818,3706934,-1
3428,3707312,3708457,1
3429,3708552,3709070,-1
3430,3709285,3711075,1
3431,3711008,3711856,-1
3432,3711922,3713322,1
3433,3713391,3714608,1
3434,3714704,3716206,1
3435,3716314,3717354,1
3436,3717372,3717479,-1
3437,3717544,3718341,-1
3437.1,3718366,3718845,1
3438,3718864,3719304,1
3439,3719338,3720207,-1
3440,3720228,3721238,-1
3441,3721409,3722155,1
3442,3722222,3723451,-1
3443,3723734,3725083,1
3444,3725095,3726234,1
3445,3726252,3726962,1
3447,3726971,3729258,-1
3448,3729307,3730323,-1
3449,3730481,3735004,-1
3449.1,3734989,3735108,-1
3449.2,3735336,3735431,1
3450,3735428,3735685,-1
3453,3735915,3745415,-1
3454,3745453,3745944,-1
3455,3745996,3746487,1
3456,3746524,3747264,-1
3456.1,3746816,3747946,-1
3458,3748183,3759538,-1
3459,3759569,3760363,-1
3460,3760445,3760816,-1
3461,3760959,3761303,-1
3462,3761334,3761723,1
3463,3761737,3762030,-1
3464,3762027,3762860,-1
3465,3762996,3763271,1
3466,3763268,3763525,1
3467,3763567,3764757,1
3468,3764874,3765242,1
3469,3765239,3765790,-1
3470,3765797,3766378,-1
3471,3766359,3766727,-1
3472,3766705,3767097,-1
3474,3767094,3769724,-1
3475,3769960,3770424,1
3476,3770680,3772566,1
3477,3772567,3773211,-1
3478,3773210,3773644,1
3480,3773733,3777029,-1
3481,3777164,3778504,1
3482,3778546,3779721,1
3483,3779718,3779879,1
3484,3779958,3780848,1
3485,3780853,3782280,1
3486,3782388,3783041,1
3487,3783080,3784585,-1
3488,3784590,3785480,-1
3489,3785489,3787325,-1
3490,3787322,3788311,-1
3491,3788311,3789375,-1
3491.1,3789809,3789937,1
3492,3790117,3790512,-1
3493,3790509,3790817,-1
3494,3790966,3791670,1
3494.1,3791660,3792337,1
3495,3792395,3794722,1
3496,3794793,3795665,-1
3497,3795739,3796449,1
3498,3796495,3798447,1
3499,3798448,3799311,-1
3500,3799335,3800261,1
3501,3800316,3801794,-1
3502,3801896,3802579,-1
3503,3802578,3803219,1
3504,3803375,3804952,-1
3505,3804964,3805872,-1
3506,3805901,3806980,-1
3507,3807003,3808049,1
3508,3808113,3808901,1
3509,3808916,3811276,1
3510,3811529,3812767,-1
3510.1,3812998,3813093,-1
3511,3813138,3814739,-1
3512,3814756,3815460,-1
3513,3815578,3816144,-1
3514,3816206,3817093,1
3515,3817128,3817427,1
3516,3817433,3817834,1
3517,3817867,3819603,-1
3518,3819659,3820786,-1
3519,3820806,3822395,-1
3520,3822503,3822613,-1
3521,3822602,3823012,1
3522,3823022,3823921,-1
3523,3823914,3824588,-1
3524,3824570,3825397,-1
3525,3825768,3826076,1
3526,3826148,3827767,-1
3527,3827862,3828164,-1
3528,3828431,3829465,-1
3529,3829462,3829938,-1
3530,3829935,3830561,-1
3531,3830567,3831073,-1
3532,3831070,3832296,-1
3532.1,3832256,3832486,1
3532.2,3832590,3832952,-1
3533,3833115,3833651,1
3534,3833592,3834755,-1
3535,3834794,3834949,-1
3536,3834974,3835081,-1
3537,3835243,3836088,-1
3538,3836321,3837703,-1
3539,3837741,3839162,-1
3540,3839164,3839877,-1
3541,3839888,3840826,-1
3542,3840964,3842838,-1
3542.1,3842860,3843336,1
3543,3843346,3844188,1
3544,3844208,3845611,-1
3545,3845614,3845925,-1
3546,3845973,3847319,-1
3547,3847444,3847899,-1
3548,3847896,3848339,-1
3549,3848572,3848874,-1
3550,3848895,3849302,-1
3551,3849265,3850479,-1
3553,3850476,3854078,-1
3554,3854300,3855703,1
3555,3855700,3857067,1
3556,3857032,3858480,-1
3557,3858610,3859353,1
3559,3859385,3860080,1
3560,3860138,3860377,1
3561,3860349,3862037,1
3562,3861999,3862892,-1
3563,3862837,3863379,-1
3564,3863411,3864454,-1
3565,3864606,3865211,-1
3566,3865220,3865639,-1
3567,3865643,3866017,-1
3567.1,3866233,3866346,-1
3568,3866379,3866600,-1
3569,3866854,3867711,1
3570,3867784,3868779,1
3571,3868781,3869389,1
3572,3869472,3870140,1
3572.1,3870145,3871146,1
3573,3870821,3872212,1
3573.01,3872203,3873000,1
3573.02,3872997,3873395,1
3573.03,3873392,3874810,1
3573.04,3874928,3875401,1
3573.05,3875415,3875687,1
3573.06,3875684,3875998,1
3573.07,3876079,3876549,1
3573.08,3876723,3877235,1
3573.09,3877243,3877449,1
3573.10,3877457,3877564,1
3573.11,3877513,3878187,1
3573.12,3878235,3878660,1
3573.13,3878693,3878857,-1
3573.14,3879063,3879383,-1
3573.15,3879580,3879990,-1
3573.16,3880018,3880146,-1
3574,3880165,3881259,-1
3575,3881263,3882267,-1
3576,3882334,3883962,-1
3577,3883998,3884552,-1
3578,3884552,3885058,1
3579,3885138,3886022,-1
3580,3886203,3887552,-1
3580.1,3887551,3887652,1
3580.2,3887790,3887912,1
3581,3887925,3888221,1
3582,3888258,3889439,1
3583,3889490,3892717,1
3584,3892741,3894258,-1
3585,3894325,3895014,-1
3586,3895156,3895938,-1
3587,3895982,3896644,-1
3588,3896907,3898448,1
3589,3898454,3899335,-1
3590,3899562,3900053,1
3591,3900006,3900989,-1
3592,3901499,3901822,1
3593,3901904,3902068,1
3594,3902134,3903570,1
3595,3903721,3904299,1
3596,3904296,3904778,-1
3597,3904778,3905506,-1
3598,3905506,3907200,-1
3599,3907211,3908365,-1
3600,3908362,3909714,-1
3601,3909714,3910787,-1
3602,3910777,3911829,-1
3603,3911829,3913031,-1
3604,3913051,3913893,-1
3605,3913928,3914641,-1
3606,3914859,3915872,-1
3607,3915897,3916088,-1
3608,3916303,3917505,1
3609,3917530,3918651,1
3610,3918722,3920230,1
3612,3920401,3924555,1
3612.1,3924807,3929954,1
3613,3930121,3931669,-1
3614,3931666,3932502,-1
3615.1,3932862,3938561,1
3615.2,3938690,3939346,-1
3615.3,3939392,3943045,1
3615.4,3943391,3943609,-1
3616,3943606,3945252,-1
3617,3945326,3946117,1
3618,3946411,3947052,1
3619,3947107,3948225,-1
3620,3948215,3948436,1
3621,3948467,3949498,-1
3622,3949570,3950574,1
3622.1,3950590,3951654,1
3623,3951671,3952855,1
3624,3952897,3953928,1
3625,3953942,3954466,-1
3626,3954554,3955738,-1
3627,3955747,3956196,1
3628,3956310,3956438,1
3629,3956621,3957334,-1
3630,3957565,3957762,1
3631,3957767,3957964,1
3632,3958026,3959180,-1
3633,3959180,3959962,-1
3634,3959959,3961086,-1
3636,3961485,3962705,1
3637,3962847,3964595,-1
3638,3964694,3965725,-1
3639,3965731,3966642,-1
3640,3966653,3967438,-1
3641,3967502,3969202,1
3642,3969204,3970064,1
3643,3970201,3971640,1
3644,3971641,3972801,-1
3645,3972801,3973190,-1
3646,3973187,3974122,-1
3647,3974119,3975282,-1
3648,3975267,3976304,-1
3649,3976286,3977587,-1
3650,3977699,3978874,1
3651,3978986,3979441,1
3652,3979524,3980474,-1
3653,3980461,3981240,-1
3653.1,3981237,3981341,-1
3654,3981295,3982038,1
3655,3982038,3982916,1
3656,3982913,3983665,1
3657,3983748,3984830,1
3658,3984866,3986884,1
3659,3986972,3987840,-1
3660,3987945,3989105,-1
3661,3989170,3989772,-1
3663,3990121,3991992,1
3664,3991787,3992575,-1
3665,3992572,3993729,-1
3666,3993798,3995300,1
3667,3995301,3996434,1
3668,3996437,3997390,1
3669,3997387,3998343,1
3670,3998340,3999505,1
3671,3999470,4000321,-1
3671.1,4000306,4000572,-1
3671.2,4000603,4000773,-1
3672,4000858,4001421,-1
3673,4001436,4002338,-1
3674,4002335,4003210,-1
3675,4003225,4004409,-1
3676,4004556,4005632,1
3677,4005650,4006180,1
3678,4006216,4008351,-1
3679,4008491,4009222,1
3680,4009228,4010442,-1
3681,4010497,4011210,1
3682,4011128,4012267,1
3684,4012281,4013522,1
3685,4013564,4014325,-1
3686,4014533,4015942,-1
3687,4016007,4016486,-1
3688,4016483,4017178,-1
3689,4017195,4017683,-1
3690,4017801,4018517,1
3691,4018583,4020025,1
3692,4020030,4021106,1
3693,4021107,4021925,-1
3694,4022010,4022633,-1
3695,4022632,4023546,1
3696,4023543,4025297,-1
3697,4025408,4026181,-1
3698,4026196,4026513,1
3699,4026533,4027849,1
3700,4027996,4028823,1
3701,4028870,4030180,-1
3703,4030288,4032834,-1
3704,4033111,4033449,-1
3705,4033553,4035070,-1
3706,4035171,4035989,-1
3706.1,4035992,4036411,-1
3707,4036411,4037340,-1
3708,4037337,4038422,-1
3709,4038432,4039625,-1
3710,4039834,4040310,-1
3711,4040310,4040876,-1
3712.1,4040873,4041274,-1
3712,4041267,4042085,-1
3713,4042106,4042714,-1
3714,4042730,4045012,-1
3715,4045758,4046087,-1
3716,4046382,4046936,-1
3717,4047052,4047363,-1
3718,4047437,4048615,-1
3718.1,4048704,4048916,1
3718.2,4049728,4049889,1
3719,4049973,4050941,1
3720,4050938,4052125,1
3721,4052224,4052508,-1
3722,4052535,4052831,-1
3723,4052888,4054129,-1
3724,4054139,4054438,-1
3725,4054767,4055489,1
3726,4055494,4056102,-1
3727,4056141,4057112,-1
3728,4057091,4058164,-1
3729,4058140,4059525,-1
3730,4059663,4060151,1
3731,4060197,4061321,-1
3732,4061415,4062710,1
3733,4062766,4063479,1
3734,4063476,4063820,1
3735,4064031,4064906,1
3736,4064907,4065875,-1
3737,4065874,4067649,1
3739,4067992,4069224,1
3740,4069224,4069970,1
3741,4070124,4070690,-1
3742,4070760,4071989,-1
3743,4072165,4072800,-1
3743.1,4072811,4073005,-1
3744,4073170,4073304,1
3745,4073301,4073465,-1
3746,4073491,4073592,1
3747,4073757,4074971,-1
3748,4075048,4076697,1
3749,4076694,4079498,-1
3750,4079851,4080429,-1
3750.1,4080569,4080772,-1
3751,4081022,4083337,1
3752,4083474,4083758,1
3753,4084082,4085119,1
3754,4085262,4085492,-1
3755,4085634,4085879,-1
3756,4086040,4086786,1
3756.1,4086919,4087227,-1
3756.2,4087259,4087558,-1
3756.3,4087582,4087710,-1
3757,4087688,4088605,1
3758,4088396,4089196,-1
3759,4089193,4090251,-1
3760,4090353,4091138,-1
3761,4091904,4092767,1
3762,4093122,4093253,-1
3763,4093522,4094292,-1
3764,4094289,4095935,-1
3765,4095932,4096732,-1
3766,4096788,4097714,-1
3767,4097716,4099341,-1
3767.1,4099427,4099783,1
3767.2,4099717,4099926,1
3767.3,4099916,4100038,1
3768,4100049,4102004,1
3769,4102040,4102738,-1
3770,4102820,4103530,-1
3771,4103603,4104586,1
3772,4104579,4105772,-1
3773,4105778,4106599,-1
3774,4106731,4107414,-1
3775,4107414,4108202,-1
3776,4108259,4108636,1
3777,4108735,4109409,1
3778,4109513,4110307,-1
3779,4110314,4110769,-1
3780,4110785,4110946,-1
3781,4111031,4112053,1
3782,4112050,4113210,1
3783,4113453,4113809,-1
3784,4114171,4116603,1
3785,4116672,4117631,1
3786,4117628,4118734,1
3787,4119550,4120980,-1
3788,4121006,4121506,-1
3789,4121578,4121946,-1
3790,4122148,4122612,-1
3791,4122612,4123967,1
3792,4123946,4124647,1
3793,4124629,4125774,1
3794,4125771,4126847,1
3795,4126875,4128302,1
3796,4128376,4129563,-1
3797,4129583,4130392,1
3798,4130456,4132009,-1
3799,4132059,4132496,-1
3800,4132493,4132717,-1
3801,4132747,4134276,1
3802,4134289,4134999,1
3803,4135002,4136189,-1
3804,4136205,4137170,-1
3805,4137167,4137751,-1
3806,4137868,4139145,-1
3807,4139142,4140440,-1
3808,4140572,4141216,-1
3808.1,4141345,4141734,-1
3809,4141845,4142165,-1
3810,4142284,4143294,-1
3811,4143434,4144471,-1
3812,4144472,4145737,-1
3813,4145949,4147928,1
3814,4147994,4148983,-1
3814.1,4148980,4149249,-1
3815,4149294,4150535,1
3816,4150540,4151235,1
3817,4151244,4152269,-1
3818,4152202,4152813,-1
3819,4152825,4153226,-1
3820,4153361,4154086,1
3821,4154128,4154571,-1
3822,4154631,4156031,1
3823,4156028,4157311,1
3824,4157308,4159044,-1
3825,4159134,4160441,-1
3826,4160848,4161612,1
3827,4161858,4162481,1
3828,4162526,4163455,1
3829,4163733,4164926,1
3830,4165267,4167075,1
3831,4167167,4170382,1
3833,4170597,4172927,1
3835,4172992,4174032,-1
3836,4174070,4175146,1
3837,4175246,4176304,1
3838,4176324,4176824,-1
3839,4176838,4178202,-1
3840,4178392,4178889,1
3841,4178946,4180007,1
3842,4180011,4181600,1
3844,4181597,4182829,-1
3846,4182826,4182942,-1
3847,4183030,4183140,-1
3848,4183145,4184491,-1
3849,4184491,4185165,-1
3850,4185162,4185557,-1
3851,4185703,4187685,-1
3852,4187707,4188114,1
3853,4188198,4188410,-1
3854,4188483,4188854,-1
3855,4188864,4189808,-1
3856,4189941,4190450,-1
3857,4190518,4190910,-1
3858,4191068,4191370,-1
3859,4191559,4192017,-1
3860,4192033,4192533,-1
3861,4192667,4193638,1
3862,4193601,4194200,-1
3863,4194206,4194925,-1
3864,4194922,4195611,-1
3865,4195599,4196702,-1
3866,4196738,4197769,-1
3867,4197799,4198152,1
3868,4198174,4199229,-1
3869,4199308,4201212,-1
3870,4201359,4201838,1
3871,4201894,4203414,-1
3872,4203392,4204252,-1
3873,4204605,4205294,1
3874,4205308,4206252,-1
3875,4206382,4206741,1
3876,4206786,4207304,-1
3876.1,4207394,4207525,1
3877,4207512,4208087,-1
3878,4208193,4208375,-1
3879,4208390,4208581,-1
3880,4208716,4209042,-1
3881,4209446,4210507,1
3882,4210553,4211137,-1
3883,4211161,4211985,1
3884,4211997,4213244,1
3885,4213332,4214960,1
3886,4215006,4215992,1
3887,4216011,4217207,-1
3888,4217297,4219297,1
3889,4219313,4219837,1
3890,4219841,4220662,1
3891,4220659,4221573,1
3892,4221570,4222412,1
3893,4222568,4224706,1
3894,4224687,4225910,-1
3895,4225923,4226849,-1
3896,4227093,4227578,1
3897,4227624,4228052,1
3898,4228086,4229477,1
3899,4229478,4230242,1
3899.1,4230245,4232518,1
3900,4232175,4235459,1
3901,4235545,4238829,1
3902,4238826,4242122,1
3903,4242301,4243317,1
3904,4243397,4245178,1
3905,4245315,4246649,1
3906,4246702,4248270,-1
3907,4248267,4253468,-1
3908,4253475,4255364,-1
3909,4255677,4256687,-1
3910,4256885,4257817,-1
3911,4257964,4259031,-1
3912,4259275,4261200,-1
3913,4261247,4262155,-1
3914,4262162,4262659,-1
3915,4262688,4264601,-1
3916,4264598,4265797,-1
3917,4266061,4266915,1
3918,4267120,4268739,1
3919,4268763,4268909,-1
3920,4268893,4270407,1
3921,4270404,4270556,-1
3922,4270716,4271537,-1
3923,4271552,4272337,-1
3924,4272355,4273110,-1
3925,4273114,4273893,-1
3925.1,4273969,4274724,1
3926,4274771,4276321,1
3927,4276321,4276653,1
3928,4276741,4278147,-1
3929,4278295,4279008,1
3930,4279043,4280257,1
3931,4280582,4283851,-1
3932,4283961,4285496,-1
3933,4285547,4291927,-1
3934,4292134,4293888,1
3935,4293885,4295111,-1
3936,4295108,4295719,-1
3937,4295720,4297330,-1
3938,4297378,4298007,-1
3939,4298079,4298561,1
3940,4298558,4299145,-1
3941,4299189,4299980,1
3942,4299977,4301236,-1
3943,4301369,4302718,1
3944,4302735,4303136,1
3945,4303331,4304029,-1
3946,4304026,4304991,-1
3947,4305087,4305863,1
3948,4305940,4306302,1
3949,4306500,4307045,1
3950,4307060,4307890,-1
3951,4307890,4308918,-1
3952,4309146,4309250,1
3953,4309457,4309606,1
3954,4310007,4310219,-1
3954.1,4310569,4311171,-1
3955,4311097,4311588,1
3957,4311625,4312167,-1
3958,4312148,4312363,1
3959,4312577,4312756,-1
3960,4313027,4313650,1
3961,4313861,4314394,1
3962,4314384,4314488,1
3963,4314649,4315557,1
3964,4315822,4316220,1
3965,4316338,4316994,1
3966,4317006,4317290,1
3967,4317397,4317801,1
3968,4317818,4318291,1
3969,4318327,4319796,-1
3970,4319872,4320522,1
3971,4320724,4321731,-1
3972,4321740,4321937,-1
3972.1,4322068,4322208,-1
3973,4322362,4323828,-1
3974,4323821,4328410,-1
3974.1,4328419,4328802,-1
3975,4329100,4330272,1
3976,4330494,4330844,-1
3977,4331171,4332349,1
3978,4332592,4333800,1
3979,4333888,4334199,1
3980,4334196,4335643,1
3981,4335636,4337357,1
3982,4337361,4338803,1
3983,4338803,4341046,1
3984,4341043,4341159,1
3985,4341149,4342924,1
3986,4343025,4343363,1
3987,4343388,4344503,1
3988,4344596,4344898,1
3989,4344931,4345218,1
3990,4345332,4347332,1
3991,4347425,4348864,1
3992,4349014,4349856,1
3993,4349914,4352085,-1
3994,4352126,4352254,-1
3995,4352502,4352843,-1
3996,4352846,4354228,-1
3997,4354335,4355723,-1
3998,4355720,4356955,-1
3999,4357282,4359156,-1
4000,4359211,4360479,-1
4001,4360820,4362345,-1
4002,4362456,4363865,-1
4003,4363982,4365007,-1
4004,4365101,4365931,-1
4005,4366027,4366314,-1
4006,4366350,4366673,-1
4007,4366785,4367984,-1
4008,4368063,4368296,-1
4010,4368563,4372753,-1
4011,4372754,4374241,-1
4012,4374244,4375152,-1
4013,4375302,4375946,-1
4014,4375959,4376291,-1
4016,4376453,4377685,-1
4017,4377679,4378614,-1
4018,4378671,4379120,-1
4019,4379108,4379293,1
4020,4379671,4380201,-1
4022,4380198,4382738,-1
4023,4382743,4383015,-1
4024,4383026,4383337,-1
4025,4383403,4383912,-1
4026,4383937,4385379,-1
4026.1,4385394,4385606,1
4027,4385755,4386501,1
4028,4386449,4388905,1
4029,4388902,4392456,1
4030,4392491,4393081,1
4031,4393174,4393938,1
4032,4394032,4395039,1
4033,4395036,4395386,1
4034,4395496,4396716,1
4035,4396737,4397471,-1
4035.1,4397511,4397798,-1
4036,4397761,4398795,-1
4037,4398792,4399937,-1
4038,4399832,4400506,-1
4039,4400638,4401201,-1
4040,4401273,4402373,-1
4040.1,4402357,4402719,-1
4041,4402716,4403066,-1
4041.1,4403090,4403233,-1
4041.2,4403249,4403470,1
